Industry,Ranges and Medians,Business size,Small,Medium,Large
Nursery production (Outdoors),0,0,0,0,0
Nursery production (Outdoors),0,0,0,0,0
Bakery product manufacturing (Non-factory based),0,0,0,0,0
Bakery product manufacturing (Non-factory based),0,0,0,0,0
Wine and other alcoholic beverage manufacturing,0,0,0,0,0
Wine and other alcoholic beverage manufacturing,0,0,0,0,0
Wooden structural fitting and component manufacturing,0,0,0,0,0
Wooden structural fitting and component manufacturing,0,0,0,0,0
Wood product manufacturing n.e.c.,0,0,0,0,0
Wood product manufacturing n.e.c.,0,0,0,0,0
Concrete product manufacturing,0,0,0,0,0
Concrete product manufacturing,0,0,0,0,0
Architectural aluminium product manufacturing,0,0,0,0,0
Architectural aluminium product manufacturing,0,0,0,0,0
Structural metal product manufacturing,0,0,0,0,0
Structural metal product manufacturing,0,0,0,0,0
Fabricated metal product manufacturing n.e.c.,0,0,0,0,0
Fabricated metal product manufacturing n.e.c.,0,0,0,0,0
House Construction,0,0,0,0,0
House Construction,0,0,0,0,0
Other residential building construction,0,0,0,0,0
Other residential building construction,0,0,0,0,0
Non-residential building construction,0,0,0,0,0
Non-residential building construction,0,0,0,0,0
Road and bridge construction,0,0,0,0,0
Road and bridge construction,0,0,0,0,0
Painting and decorating services,0,0,0,0,0
Painting and decorating services,0,0,0,0,0
Agricultural and construction machinery wholesaling,0,0,0,0,0
Agricultural and construction machinery wholesaling,0,0,0,0,0
Other electrical and electronic goods wholesaling,0,0,0,0,0
Other electrical and electronic goods wholesaling,0,0,0,0,0
Other grocery wholesaling,0,0,0,0,0
Other grocery wholesaling,0,0,0,0,0
Car retailing,0,0,0,0,0
Car retailing,0,0,0,0,0
Tyre retailing,0,0,0,0,0
Tyre retailing,0,0,0,0,0
Fuel retailing,0,0,0,0,0
Fuel retailing,0,0,0,0,0
Supermarket and grocery stores,0,0,0,0,0
Supermarket and grocery stores,0,0,0,0,0
"Fresh meat, fish and poultry retailing",0,0,0,0,0
"Fresh meat, fish and poultry retailing",0,0,0,0,0
Fruit and vegetable retailing,0,0,0,0,0
Fruit and vegetable retailing,0,0,0,0,0
Liquor retailing,0,0,0,0,0
Liquor retailing,0,0,0,0,0
Other specialised food retailing,0,0,0,0,0
Other specialised food retailing,0,0,0,0,0
Furniture retailing,0,0,0,0,0
Furniture retailing,0,0,0,0,0
Floor coverings retailing,0,0,0,0,0
Floor coverings retailing,0,0,0,0,0
"Electrical, electronic and gas appliance retailing",0,0,0,0,0
"Electrical, electronic and gas appliance retailing",0,0,0,0,0
Computer and computer peripheral retailing,0,0,0,0,0
Computer and computer peripheral retailing,0,0,0,0,0
Hardware and building supplies retailing,0,0,0,0,0
Hardware and building supplies retailing,0,0,0,0,0
Garden supplies retailing,0,0,0,0,0
Garden supplies retailing,0,0,0,0,0
Sport and camping equipment retailing,0,0,0,0,0
Sport and camping equipment retailing,0,0,0,0,0
Newspaper and book retailing,0,0,0,0,0
Newspaper and book retailing,0,0,0,0,0
Marine equipment retailing,0,0,0,0,0
Marine equipment retailing,0,0,0,0,0
Clothing retailing,0,0,0,0,0
Clothing retailing,0,0,0,0,0
Footwear retailing,0,0,0,0,0
Footwear retailing,0,0,0,0,0
Watch and jewellery retailing,0,0,0,0,0
Watch and jewellery retailing,0,0,0,0,0
"Pharmaceutical, cosmetic and toiletry goods retailing",0,0,0,0,0
"Pharmaceutical, cosmetic and toiletry goods retailing",0,0,0,0,0
Stationery goods retailing,0,0,0,0,0
Stationery goods retailing,0,0,0,0,0
Other store-based retailing n.e.c.,0,0,0,0,0
Other store-based retailing n.e.c.,0,0,0,0,0
Non-store retailing,0,0,0,0,0
Non-store retailing,0,0,0,0,0
Cafes and restaurants,0,0,0,0,0
Cafes and restaurants,0,0,0,0,0
Takeaway food services,0,0,0,0,0
Takeaway food services,0,0,0,0,0
"Pubs, taverns and bars",0,0,0,0,0
"Pubs, taverns and bars",0,0,0,0,0
Agricultural and construction machinery wholesaling,0,"$60,000 - $343,772","$343,773 - $1,099,809","$1,099,810 - $2,993,109","$2,993,110 - $9,769,366"
"Pharmaceutical, cosmetic and toiletry goods retailing",0,"$60,000 - $809,843","$809,844 - $1,474,002","$1,474,003 - $2,476,570","$2,476,571 - $8,508,456"
Painting and decorating services,0,"$60,000 - $89,454","$89,455 - $144,884","$144,885 - $282,481","$282,482 - $9,183,541"
Other residential building construction,0,"$60,000 - $86,979","$86,980 - $152,073","$152,074 - $382,937","$382,938 - $8,764,660"
Non-store retailing,0,"$60,000 - $92,284","$92,285 - $154,353","$154,354 - $342,172","$342,173 - $8,570,861"
House Construction,0,"$60,000 - $95,248","$95,249 - $186,711","$186,712 - $479,746","$479,747 - $9,965,061"
Takeaway food services,0,"$60,000 - 122,352","$122,353 - $201,623","$201,624 - $380,069","$380,070 - $9,164,960"
Wood product manufacturing n.e.c.,0,"$60,000 - $112,462","$112,463 - $224,957","$224,958 - $519,198","$519,199 - $9,312,766"
Other store-based retailing n.e.c.,0,"$60,000 - $123,464","$123,465 - $232,663","$232,664 - $497,417","$497,418 - $9,164,202"
Other specialised food retailing,0,"$60,000 - $124,837","$124,838 - $252,322","$252,323 - 545,652","$545,653 - $9,404,430"
Nursery production (Outdoors),0,"$60,000 - $127,305","$127,306 - $258,158","$258,159 - $640,248","$640,249 - $5,960,000"
Fabricated metal product manufacturing n.e.c.,0,"$60,000 - $115,528","$115,529 - $267,167","$267,168 - $814,529","814,530 - $9,842,977"
Computer and computer peripheral retailing,0,"$60,000 - $121,130","$121,131 - $272,837","$272,838 - $706,365","$706,366 - $8,154,798"
Bakery product manufacturing (Non-factory based),0,"$60,000 - $173,802","$173,803 - $290,432","$290,433 - $521,520","$521,521 - $5,646,069"
Clothing retailing,0,"$60,000 - $142,734","$142,735 - $294,261","$294,262 - $659,206","$659,207 - $9,671,752"
Fuel retailing,0,"$60,000 - $894,035","$894,036 - $3,139,520","$3,139,521 - $5,641,730","$5,641,731 - $9,987,891"
Cafes and restaurants,0,"$60,000 - $171,236","$171,237 - $323,446","$323,447 - $625,962","$625,963 - $9,867,714"
Garden supplies retailing,0,"$60,000 - $138,632","$138,633 - $359,121","$359,122 - $881,291","881,292 - $9,393,750"
Watch and jewellery retailing,0,"$60,000 - $169,452","$169,453 - $385,338","$385,339 - $744,904","$744,905 - $8,923,210"
Newspaper and book retailing,0,"$60,000 - $152,188","$152,189 - $406,720","$406,721 - $950,652","$950,653 - $8,250,056"
Wooden structural fitting and component manufacturing,0,"$60,000 - $154,337","$154,338 - $417,305","$417,306 - $999,939","$999,940 - $7,056,302"
Other grocery wholesaling,0,"$60,000 - $166,836","$166,837 - $418,769","$418,770 - $1,503,387","$1,503,388 - $9,839,528"
Non-residential building construction,0,"$60,000 - $143,822","$143,823 - $421,168","$421,169 - $1,345,716","$1,345,717 - $9,923,339"
Structural metal product manufacturing,0,"$60,000 - 165,572","$165,573 - $428,073","$428,074 - $1,158,209","$1,158,210 - $9,824,730"
Concrete product manufacturing,0,"$60,000 - 172,006","$172,007 - $436,971","$436,972 - $1,089,558","$1,089,559 - $9,635,903"
Marine equipment retailing,0,"$60,000 - $177,459","$177,460 - $452,967","$452,968 - $1,282,176","$1,282,177 - $9,511,249"
Sport and camping equipment retailing,0,"$60,000 - $197,132","$197,133 - $454,741","$454,742 - $898,052","$898,053 - $9,756,740"
Footwear retailing,0,"$60,000 - $236,637","$236,638 - $469,204","$469,205 - $851,505","$851,506 - $6,468,109"
Stationery goods retailing,0,"$60,000 - $197,995","$197,996 - $483,315","$483,316 - $1,048,782","$1,048,783 - $8,381,209"
"Pubs, taverns and bars",0,"$60,000 - $249,743","$249,744 - $488,029","$488,030 - $976,317","$976,318 - $7,537,259"
Fruit and vegetable retailing,0,"$60,000 - $217,434","$217,435 - $495,382","$495,383 - $1,322,875","$1,322,876 - $7,727,211"
Furniture retailing,0,"$60,000 - $197,067","$197,068 - $499,040","$499,041 - $1,115,695","$1,115,696 - $9,702,664"
"Electrical, electronic and gas appliance retailing",0,"$60,000 - $208,574","$208,575 - $512,324","$512,325 - $1,214,853","$1,214,854 - 8,596,125"
Wine and other alcoholic beverage manufacturing,0,"$60,000 - 181,629","$181,630 - $515,677","$515,678 - $1,456,870","$1,456,871 - $9,833,187"
Preschool education,0,"$60,000 - $335,313","$335,314 - $519,511","$519,512 - $846,010","$846,011 - $6,850,263"
"Fresh meat, fish and poultry retailing",0,"$60,000 - $247,097","$247,098 - $521,667","$521,668 - $1,138,632","$1,138,633 - $9,649,430"
Road and bridge construction,0,"$60,000 - $157,084","$157,085 - $528,500","$528,501 - $1,686,950","$1,686,951 - $9,903,563"
Supermarket and grocery stores,0,"$60,000 - $338,169","$338,170 - $584,961","$584,962 - $1,027,337","$1,027,338 - $9,634,265"
Other electrical and electronic goods wholesaling,0,"$60,000 - $226,732","$226,733 - $590,889","$590,890 - $1,700,251","$1,700,252 - $9,995,269"
Tyre retailing,0,"$60,000 - 313,658","$313,659 - $633,941","$633,942 - $1,252,963","$1,252,964 - $8,316,533"
Hardware and building supplies retailing,0,"$60,000 - $276,945","$276,946 - $675,407","$675,408 - $1,602,981","$1,602,982 - $9,819,005"
Car retailing,0,"$60,000 - $209,455","$209,456 - $676,440","$676,441 - 1,759,753","$1,759,754 - $9,851,459"
Floor coverings retailing,0,"$60,000 - $328,793","$328,794 - $869,444","$869,445 - 1,494,265","$1,494,266 - $8,203,751"
Liquor retailing,0,"$60,000 - $462,424","$462,425 - $917,979","$917,980 - $1,829,001","$1,829,002 - $8,112,004"
Architectural aluminium product manufacturing,0,"$60,000 - $305,972","$305,973 - $952,342","$952,343 - $1,924,106","$1,924,107 - $9,546,264"
Nursery production (Outdoors),0,annual turnover,annual turnover,annual turnover,annual turnover
Bakery product manufacturing (Non-factory based),0,annual turnover,annual turnover,annual turnover,annual turnover
Wine and other alcoholic beverage manufacturing,0,annual turnover,annual turnover,annual turnover,annual turnover
Wooden structural fitting and component manufacturing,0,annual turnover,annual turnover,annual turnover,annual turnover
Wood product manufacturing n.e.c.,0,annual turnover,annual turnover,annual turnover,annual turnover
Concrete product manufacturing,0,annual turnover,annual turnover,annual turnover,annual turnover
Architectural aluminium product manufacturing,0,annual turnover,annual turnover,annual turnover,annual turnover
Structural metal product manufacturing,0,annual turnover,annual turnover,annual turnover,annual turnover
Fabricated metal product manufacturing n.e.c.,0,annual turnover,annual turnover,annual turnover,annual turnover
House Construction,0,annual turnover,annual turnover,annual turnover,annual turnover
Other residential building construction,0,annual turnover,annual turnover,annual turnover,annual turnover
Non-residential building construction,0,annual turnover,annual turnover,annual turnover,annual turnover
Road and bridge construction,0,annual turnover,annual turnover,annual turnover,annual turnover
Painting and decorating services,0,annual turnover,annual turnover,annual turnover,annual turnover
Agricultural and construction machinery wholesaling,0,annual turnover,annual turnover,annual turnover,annual turnover
Other electrical and electronic goods wholesaling,0,annual turnover,annual turnover,annual turnover,annual turnover
Other grocery wholesaling,0,annual turnover,annual turnover,annual turnover,annual turnover
Car retailing,0,annual turnover,annual turnover,annual turnover,annual turnover
Tyre retailing,0,annual turnover,annual turnover,annual turnover,annual turnover
Fuel retailing,0,annual turnover,annual turnover,annual turnover,annual turnover
Supermarket and grocery stores,0,annual turnover,annual turnover,annual turnover,annual turnover
"Fresh meat, fish and poultry retailing",0,annual turnover,annual turnover,annual turnover,annual turnover
Fruit and vegetable retailing,0,annual turnover,annual turnover,annual turnover,annual turnover
Liquor retailing,0,annual turnover,annual turnover,annual turnover,annual turnover
Other specialised food retailing,0,annual turnover,annual turnover,annual turnover,annual turnover
Furniture retailing,0,annual turnover,annual turnover,annual turnover,annual turnover
Floor coverings retailing,0,annual turnover,annual turnover,annual turnover,annual turnover
"Electrical, electronic and gas appliance retailing",0,annual turnover,annual turnover,annual turnover,annual turnover
Computer and computer peripheral retailing,0,annual turnover,annual turnover,annual turnover,annual turnover
Hardware and building supplies retailing,0,annual turnover,annual turnover,annual turnover,annual turnover
Garden supplies retailing,0,annual turnover,annual turnover,annual turnover,annual turnover
Sport and camping equipment retailing,0,annual turnover,annual turnover,annual turnover,annual turnover
Newspaper and book retailing,0,annual turnover,annual turnover,annual turnover,annual turnover
Marine equipment retailing,0,annual turnover,annual turnover,annual turnover,annual turnover
Clothing retailing,0,annual turnover,annual turnover,annual turnover,annual turnover
Footwear retailing,0,annual turnover,annual turnover,annual turnover,annual turnover
Watch and jewellery retailing,0,annual turnover,annual turnover,annual turnover,annual turnover
"Pharmaceutical, cosmetic and toiletry goods retailing",0,annual turnover,annual turnover,annual turnover,annual turnover
Stationery goods retailing,0,annual turnover,annual turnover,annual turnover,annual turnover
Other store-based retailing n.e.c.,0,annual turnover,annual turnover,annual turnover,annual turnover
Non-store retailing,0,annual turnover,annual turnover,annual turnover,annual turnover
Cafes and restaurants,0,annual turnover,annual turnover,annual turnover,annual turnover
Takeaway food services,0,annual turnover,annual turnover,annual turnover,annual turnover
"Pubs, taverns and bars",0,annual turnover,annual turnover,annual turnover,annual turnover
Preschool education,0,annual turnover,annual turnover,annual turnover,annual turnover
Nursery production (Outdoors),0,Micro,Small,Medium,Large
Bakery product manufacturing (Non-factory based),0,Micro,Small,Medium,Large
Wine and other alcoholic beverage manufacturing,0,Micro,Small,Medium,Large
Wooden structural fitting and component manufacturing,0,Micro,Small,Medium,Large
Wood product manufacturing n.e.c.,0,Micro,Small,Medium,Large
Concrete product manufacturing,0,Micro,Small,Medium,Large
Architectural aluminium product manufacturing,0,Micro,Small,Medium,Large
Structural metal product manufacturing,0,Micro,Small,Medium,Large
Fabricated metal product manufacturing n.e.c.,0,Micro,Small,Medium,Large
House Construction,0,Micro,Small,Medium,Large
Other residential building construction,0,Micro,Small,Medium,Large
Non-residential building construction,0,Micro,Small,Medium,Large
Road and bridge construction,0,Micro,Small,Medium,Large
Painting and decorating services,0,Micro,Small,Medium,Large
Agricultural and construction machinery wholesaling,0,Micro,Small,Medium,Large
Other electrical and electronic goods wholesaling,0,Micro,Small,Medium,Large
Other grocery wholesaling,0,Micro,Small,Medium,Large
Car retailing,0,Micro,Small,Medium,Large
Tyre retailing,0,Micro,Small,Medium,Large
Fuel retailing,0,Micro,Small,Medium,Large
Supermarket and grocery stores,0,Micro,Small,Medium,Large
"Fresh meat, fish and poultry retailing",0,Micro,Small,Medium,Large
Fruit and vegetable retailing,0,Micro,Small,Medium,Large
Liquor retailing,0,Micro,Small,Medium,Large
Other specialised food retailing,0,Micro,Small,Medium,Large
Furniture retailing,0,Micro,Small,Medium,Large
Floor coverings retailing,0,Micro,Small,Medium,Large
"Electrical, electronic and gas appliance retailing",0,Micro,Small,Medium,Large
Computer and computer peripheral retailing,0,Micro,Small,Medium,Large
Hardware and building supplies retailing,0,Micro,Small,Medium,Large
Garden supplies retailing,0,Micro,Small,Medium,Large
Sport and camping equipment retailing,0,Micro,Small,Medium,Large
Newspaper and book retailing,0,Micro,Small,Medium,Large
Marine equipment retailing,0,Micro,Small,Medium,Large
Clothing retailing,0,Micro,Small,Medium,Large
Footwear retailing,0,Micro,Small,Medium,Large
Watch and jewellery retailing,0,Micro,Small,Medium,Large
"Pharmaceutical, cosmetic and toiletry goods retailing",0,Micro,Small,Medium,Large
Stationery goods retailing,0,Micro,Small,Medium,Large
Other store-based retailing n.e.c.,0,Micro,Small,Medium,Large
Non-store retailing,0,Micro,Small,Medium,Large
Cafes and restaurants,0,Micro,Small,Medium,Large
Takeaway food services,0,Micro,Small,Medium,Large
"Pubs, taverns and bars",0,Micro,Small,Medium,Large
Preschool education,0,Micro,Small,Medium,Large
Agricultural and construction machinery wholesaling,Agricultural and construction machinery wholesaling,0,0,0,0
Architectural aluminium product manufacturing,Architectural aluminium product manufacturing,0,0,0,0
Bakery product manufacturing (Non-factory based),Bakery product manufacturing (Non-factory based),0,0,0,0
Nursery production (Outdoors),Balance sheet ratios,0,0,0,0
Nursery production (Outdoors),Balance sheet ratios,0,0,0,0
Bakery product manufacturing (Non-factory based),Balance sheet ratios,0,0,0,0
Bakery product manufacturing (Non-factory based),Balance sheet ratios,0,0,0,0
Wine and other alcoholic beverage manufacturing,Balance sheet ratios,0,0,0,0
Wine and other alcoholic beverage manufacturing,Balance sheet ratios,0,0,0,0
Wooden structural fitting and component manufacturing,Balance sheet ratios,0,0,0,0
Wooden structural fitting and component manufacturing,Balance sheet ratios,0,0,0,0
Wood product manufacturing n.e.c.,Balance sheet ratios,0,0,0,0
Wood product manufacturing n.e.c.,Balance sheet ratios,0,0,0,0
Concrete product manufacturing,Balance sheet ratios,0,0,0,0
Concrete product manufacturing,Balance sheet ratios,0,0,0,0
Architectural aluminium product manufacturing,Balance sheet ratios,0,0,0,0
Architectural aluminium product manufacturing,Balance sheet ratios,0,0,0,0
Structural metal product manufacturing,Balance sheet ratios,0,0,0,0
Structural metal product manufacturing,Balance sheet ratios,0,0,0,0
Fabricated metal product manufacturing n.e.c.,Balance sheet ratios,0,0,0,0
Fabricated metal product manufacturing n.e.c.,Balance sheet ratios,0,0,0,0
House Construction,Balance sheet ratios,0,0,0,0
House Construction,Balance sheet ratios,0,0,0,0
Other residential building construction,Balance sheet ratios,0,0,0,0
Other residential building construction,Balance sheet ratios,0,0,0,0
Non-residential building construction,Balance sheet ratios,0,0,0,0
Non-residential building construction,Balance sheet ratios,0,0,0,0
Road and bridge construction,Balance sheet ratios,0,0,0,0
Road and bridge construction,Balance sheet ratios,0,0,0,0
Painting and decorating services,Balance sheet ratios,0,0,0,0
Painting and decorating services,Balance sheet ratios,0,0,0,0
Agricultural and construction machinery wholesaling,Balance sheet ratios,0,0,0,0
Agricultural and construction machinery wholesaling,Balance sheet ratios,0,0,0,0
Other electrical and electronic goods wholesaling,Balance sheet ratios,0,0,0,0
Other electrical and electronic goods wholesaling,Balance sheet ratios,0,0,0,0
Other grocery wholesaling,Balance sheet ratios,0,0,0,0
Other grocery wholesaling,Balance sheet ratios,0,0,0,0
Car retailing,Balance sheet ratios,0,0,0,0
Car retailing,Balance sheet ratios,0,0,0,0
Tyre retailing,Balance sheet ratios,0,0,0,0
Tyre retailing,Balance sheet ratios,0,0,0,0
Fuel retailing,Balance sheet ratios,0,0,0,0
Fuel retailing,Balance sheet ratios,0,0,0,0
Supermarket and grocery stores,Balance sheet ratios,0,0,0,0
Supermarket and grocery stores,Balance sheet ratios,0,0,0,0
"Fresh meat, fish and poultry retailing",Balance sheet ratios,0,0,0,0
"Fresh meat, fish and poultry retailing",Balance sheet ratios,0,0,0,0
Fruit and vegetable retailing,Balance sheet ratios,0,0,0,0
Fruit and vegetable retailing,Balance sheet ratios,0,0,0,0
Liquor retailing,Balance sheet ratios,0,0,0,0
Liquor retailing,Balance sheet ratios,0,0,0,0
Other specialised food retailing,Balance sheet ratios,0,0,0,0
Other specialised food retailing,Balance sheet ratios,0,0,0,0
Furniture retailing,Balance sheet ratios,0,0,0,0
Furniture retailing,Balance sheet ratios,0,0,0,0
Floor coverings retailing,Balance sheet ratios,0,0,0,0
Floor coverings retailing,Balance sheet ratios,0,0,0,0
"Electrical, electronic and gas appliance retailing",Balance sheet ratios,0,0,0,0
"Electrical, electronic and gas appliance retailing",Balance sheet ratios,0,0,0,0
Computer and computer peripheral retailing,Balance sheet ratios,0,0,0,0
Computer and computer peripheral retailing,Balance sheet ratios,0,0,0,0
Hardware and building supplies retailing,Balance sheet ratios,0,0,0,0
Hardware and building supplies retailing,Balance sheet ratios,0,0,0,0
Garden supplies retailing,Balance sheet ratios,0,0,0,0
Garden supplies retailing,Balance sheet ratios,0,0,0,0
Sport and camping equipment retailing,Balance sheet ratios,0,0,0,0
Sport and camping equipment retailing,Balance sheet ratios,0,0,0,0
Newspaper and book retailing,Balance sheet ratios,0,0,0,0
Newspaper and book retailing,Balance sheet ratios,0,0,0,0
Marine equipment retailing,Balance sheet ratios,0,0,0,0
Marine equipment retailing,Balance sheet ratios,0,0,0,0
Clothing retailing,Balance sheet ratios,0,0,0,0
Clothing retailing,Balance sheet ratios,0,0,0,0
Footwear retailing,Balance sheet ratios,0,0,0,0
Footwear retailing,Balance sheet ratios,0,0,0,0
Watch and jewellery retailing,Balance sheet ratios,0,0,0,0
Watch and jewellery retailing,Balance sheet ratios,0,0,0,0
"Pharmaceutical, cosmetic and toiletry goods retailing",Balance sheet ratios,0,0,0,0
"Pharmaceutical, cosmetic and toiletry goods retailing",Balance sheet ratios,0,0,0,0
Stationery goods retailing,Balance sheet ratios,0,0,0,0
Stationery goods retailing,Balance sheet ratios,0,0,0,0
Other store-based retailing n.e.c.,Balance sheet ratios,0,0,0,0
Other store-based retailing n.e.c.,Balance sheet ratios,0,0,0,0
Non-store retailing,Balance sheet ratios,0,0,0,0
Non-store retailing,Balance sheet ratios,0,0,0,0
Cafes and restaurants,Balance sheet ratios,0,0,0,0
Cafes and restaurants,Balance sheet ratios,0,0,0,0
Takeaway food services,Balance sheet ratios,0,0,0,0
Takeaway food services,Balance sheet ratios,0,0,0,0
"Pubs, taverns and bars",Balance sheet ratios,0,0,0,0
"Pubs, taverns and bars",Balance sheet ratios,0,0,0,0
Preschool education,Balance sheet ratios,0,0,0,0
Preschool education,Balance sheet ratios,0,0,0,0
Cafes and restaurants,Cafes and restaurants,0,0,0,0
Car retailing,Car retailing,0,0,0,0
Clothing retailing,Clothing retailing,0,0,0,0
Computer and computer peripheral retailing,Computer and computer peripheral retailing,0,0,0,0
Concrete product manufacturing,Concrete product manufacturing,0,0,0,0
Cafes and restaurants,Current ratio,0.85,0.76,0.66,0.6
"Pubs, taverns and bars",Current ratio,0.65,0.81,0.74,0.77
Preschool education,Current ratio,0.72,0.94,0.81,0.69
Bakery product manufacturing (Non-factory based),Current ratio,1.96,1.83,0.9,0.74
"Fresh meat, fish and poultry retailing",Current ratio,0.93,0.86,0.94,0.82
Wooden structural fitting and component manufacturing,Current ratio,0.96,1.05,1.04,1.35
House Construction,Current ratio,0.97,1.12,1.09,1.17
Painting and decorating services,Current ratio,0.98,1,1.09,1.29
Computer and computer peripheral retailing,Current ratio,1.17,1.22,1.13,1.39
Non-residential building construction,Current ratio,1.07,1.22,1.17,1.36
Floor coverings retailing,Current ratio,1.28,1.19,1.18,1.45
Road and bridge construction,Current ratio,0.88,1.1,1.22,1.45
Other residential building construction,Current ratio,0.92,1.19,1.26,1.25
Tyre retailing,Current ratio,1.22,1.13,1.27,1.48
Garden supplies retailing,Current ratio,2.39,1.6,1.27,1.36
Structural metal product manufacturing,Current ratio,1.29,1.92,1.36,1.32
Other specialised food retailing,Current ratio,1.21,1.44,1.37,1.21
Wood product manufacturing n.e.c.,Current ratio,2.08,1.7,1.37,1.68
Architectural aluminium product manufacturing,Current ratio,1.34,1.29,1.38,1.55
Fabricated metal product manufacturing n.e.c.,Current ratio,1.28,1.43,1.39,1.81
Other grocery wholesaling,Current ratio,1.19,1.64,1.4,1.56
"Electrical, electronic and gas appliance retailing",Current ratio,1.43,1.49,1.41,1.42
Marine equipment retailing,Current ratio,1.67,1.23,1.41,1.73
Fuel retailing,Current ratio,1.31,1.42,1.45,1.01
Concrete product manufacturing,Current ratio,0.75,1.53,1.46,1.54
Non-store retailing,Current ratio,1.28,1.22,1.46,1.39
"Pharmaceutical, cosmetic and toiletry goods retailing",Current ratio,1.64,1.8,1.47,1.46
Takeaway food services,Current ratio,1.46,1.77,1.51,0.79
Fruit and vegetable retailing,Current ratio,1.13,1.68,1.55,1.21
Stationery goods retailing,Current ratio,1.91,3.04,1.7,1.71
Clothing retailing,Current ratio,2.06,1.57,1.7,1.66
Liquor retailing,Current ratio,1.66,2.6,1.75,1.6
Furniture retailing,Current ratio,1.54,1.59,1.77,1.33
Sport and camping equipment retailing,Current ratio,2.56,2.42,1.91,1.84
Other electrical and electronic goods wholesaling,Current ratio,1.95,1.71,1.97,2.1
Newspaper and book retailing,Current ratio,2.42,2.13,1.97,2
Hardware and building supplies retailing,Current ratio,1.92,2.03,2.01,1.98
Other store-based retailing n.e.c.,Current ratio,2,2.4,2.12,1.92
Footwear retailing,Current ratio,1.56,1.63,2.13,1.77
Supermarket and grocery stores,Current ratio,2.54,2.7,2.14,1.48
Agricultural and construction machinery wholesaling,Current ratio,2.85,1.45,2.14,1.88
Nursery production (Outdoors),Current ratio,1.21,2.2,2.4,1.64
Car retailing,Current ratio,2.02,2.49,2.41,2
Wine and other alcoholic beverage manufacturing,Current ratio,2.93,1.43,2.5,2.26
Watch and jewellery retailing,Current ratio,2.43,2.97,2.74,2.3
Marine equipment retailing,Current ratio,24% to 691%,78% to 297%,103% to 338%,108% to 263%
Other electrical and electronic goods wholesaling,Current ratio,73% to 456%,88% to 353%,104% to 349%,127% to 345%
Furniture retailing,Current ratio,45% to 465%,81% to 338%,106% to 384%,91% to 259%
Supermarket and grocery stores,Current ratio,67% to 1007%,109% to 854%,106% to 597%,85% to 271%
Newspaper and book retailing,Current ratio,58% to 702%,98% to 364%,109% to 315%,106% to 240%
"Pharmaceutical, cosmetic and toiletry goods retailing",Current ratio,93% to 306%,113% to 254%,111% to 208%,95% to 216%
Liquor retailing,Current ratio,48% to 550%,79% to 788%,113% to 348%,107% to 226%
Hardware and building supplies retailing,Current ratio,65% to 540%,113% to 413%,125% to 335%,126% to 288%
Car retailing,Current ratio,60% to 685%,76% to 1000%,125% to 723%,128% to 415%
Footwear retailing,Current ratio,60% to 520%,94% to 292%,129% to 367%,124% to 271%
Wine and other alcoholic beverage manufacturing,Current ratio,68% to 861%,54% to 445%,133% to 598%,125% to 555%
Agricultural and construction machinery wholesaling,Current ratio,95% to 1225%,95% to 307%,142% to 350%,131% to 289%
Watch and jewellery retailing,Current ratio,99% to 671%,90% to 625%,155% to 628%,100% to 656%
Cafes and restaurants,Current ratio,15% to 334%,21% to 226%,21% to 184%,24% to 129%
"Pubs, taverns and bars",Current ratio,13% to 232%,38% to 227%,27% to 168%,37% to 148%
Preschool education,Current ratio,14% to 151%,36% to 153%,31% to 133%,31% to 138%
Other residential building construction,Current ratio,21% to 413%,37% to 282%,34% to 376%,73% to 296%
Bakery product manufacturing (Non-factory based),Current ratio,73% to 426%,44% to 361%,35% to 218%,28% to 164%
Fruit and vegetable retailing,Current ratio,20% to 363%,31% to 646%,35% to 431%,60% to 232%
"Fresh meat, fish and poultry retailing",Current ratio,19% to 369%,35% to 237%,46% to 225%,45% to 142%
Painting and decorating services,Current ratio,18% to 286%,21% to 263%,46% to 233%,75% to 225%
Other specialised food retailing,Current ratio,24% to 523%,43% to 311%,47% to 391%,78% to 251%
Takeaway food services,Current ratio,26% to 478%,58% to 450%,51% to 393%,29% to 194%
House Construction,Current ratio,19% to 311%,35% to 314%,52% to 246%,73% to 211%
Non-residential building construction,Current ratio,10% to 334%,51% to 282%,54% to 247%,94% to 220%
Wooden structural fitting and component manufacturing,Current ratio,29% to 394%,44% to 199%,65% to 195%,90% to 225%
Computer and computer peripheral retailing,Current ratio,57% to 386%,53% to 352%,67% to 201%,95% to 237%
Fabricated metal product manufacturing n.e.c.,Current ratio,34% to 436%,40% to 318%,70% to 292%,111% to 317%
Non-store retailing,Current ratio,38% to 753%,43% to 403%,72% to 334%,81% to 295%
Tyre retailing,Current ratio,44% to 233%,79% to 173%,73% to 217%,102% to 206%
Road and bridge construction,Current ratio,26% to 216%,40% to 265%,74% to 188%,99% to 223%
"Electrical, electronic and gas appliance retailing",Current ratio,49% to 417%,75% to 407%,74% to 254%,82% to 227%
Wood product manufacturing n.e.c.,Current ratio,60% to 496%,73% to 326%,79% to 260%,100% to 265%
Floor coverings retailing,Current ratio,57% to 376%,79% to 244%,81% to 234%,102% to 216%
Fuel retailing,Current ratio,55% to 339%,79% to 236%,82% to 202%,74% to 144%
Garden supplies retailing,Current ratio,45% to 900%,57% to 362%,82% to 269%,76% to 215%
Other grocery wholesaling,Current ratio,38% to 408%,83% to 467%,84% to 266%,103% to 279%
Architectural aluminium product manufacturing,Current ratio,71% to 311%,83% to 293%,89% to 252%,108% to 223%
Clothing retailing,Current ratio,69% to 722%,80% to 417%,91% to 377%,106% to 293%
Other store-based retailing n.e.c.,Current ratio,62% to 561%,94% to 931%,91% to 534%,103% to 429%
Structural metal product manufacturing,Current ratio,39% to 344%,76% to 354%,92% to 219%,92% to 296%
Concrete product manufacturing,Current ratio,25% to 345%,87% to 257%,94% to 230%,112% to 222%
Nursery production (Outdoors),Current ratio,46% to 517%,74% to 809%,98% to 436%,65% to 321%
Sport and camping equipment retailing,Current ratio,66% to 679%,96% to 494%,99% to 324%,120% to 291%
Stationery goods retailing,Current ratio,104% to 428%,138% to 479%,99% to 389%,123% to 275%
"Electrical, electronic and gas appliance retailing","Electrical, electronic and gas appliance retailing",0,0,0,0
Fabricated metal product manufacturing n.e.c.,Fabricated metal product manufacturing n.e.c.,0,0,0,0
Nursery production (Outdoors),Financial ratio,Business size,0,0,0
Bakery product manufacturing (Non-factory based),Financial ratio,Business size,0,0,0
Wine and other alcoholic beverage manufacturing,Financial ratio,Business size,0,0,0
Wooden structural fitting and component manufacturing,Financial ratio,Business size,0,0,0
Wood product manufacturing n.e.c.,Financial ratio,Business size,0,0,0
Concrete product manufacturing,Financial ratio,Business size,0,0,0
Architectural aluminium product manufacturing,Financial ratio,Business size,0,0,0
Structural metal product manufacturing,Financial ratio,Business size,0,0,0
Fabricated metal product manufacturing n.e.c.,Financial ratio,Business size,0,0,0
House Construction,Financial ratio,Business size,0,0,0
Other residential building construction,Financial ratio,Business size,0,0,0
Non-residential building construction,Financial ratio,Business size,0,0,0
Road and bridge construction,Financial ratio,Business size,0,0,0
Painting and decorating services,Financial ratio,Business size,0,0,0
Agricultural and construction machinery wholesaling,Financial ratio,Business size,0,0,0
Other electrical and electronic goods wholesaling,Financial ratio,Business size,0,0,0
Other grocery wholesaling,Financial ratio,Business size,0,0,0
Car retailing,Financial ratio,Business size,0,0,0
Tyre retailing,Financial ratio,Business size,0,0,0
Fuel retailing,Financial ratio,Business size,0,0,0
Supermarket and grocery stores,Financial ratio,Business size,0,0,0
"Fresh meat, fish and poultry retailing",Financial ratio,Business size,0,0,0
Fruit and vegetable retailing,Financial ratio,Business size,0,0,0
Liquor retailing,Financial ratio,Business size,0,0,0
Other specialised food retailing,Financial ratio,Business size,0,0,0
Furniture retailing,Financial ratio,Business size,0,0,0
Floor coverings retailing,Financial ratio,Business size,0,0,0
"Electrical, electronic and gas appliance retailing",Financial ratio,Business size,0,0,0
Computer and computer peripheral retailing,Financial ratio,Business size,0,0,0
Hardware and building supplies retailing,Financial ratio,Business size,0,0,0
Garden supplies retailing,Financial ratio,Business size,0,0,0
Sport and camping equipment retailing,Financial ratio,Business size,0,0,0
Newspaper and book retailing,Financial ratio,Business size,0,0,0
Marine equipment retailing,Financial ratio,Business size,0,0,0
Clothing retailing,Financial ratio,Business size,0,0,0
Footwear retailing,Financial ratio,Business size,0,0,0
Watch and jewellery retailing,Financial ratio,Business size,0,0,0
"Pharmaceutical, cosmetic and toiletry goods retailing",Financial ratio,Business size,0,0,0
Stationery goods retailing,Financial ratio,Business size,0,0,0
Other store-based retailing n.e.c.,Financial ratio,Business size,0,0,0
Non-store retailing,Financial ratio,Business size,0,0,0
Cafes and restaurants,Financial ratio,Business size,0,0,0
Takeaway food services,Financial ratio,Business size,0,0,0
"Pubs, taverns and bars",Financial ratio,Business size,0,0,0
Preschool education,Financial ratio,Business size,0,0,0
Floor coverings retailing,Floor coverings retailing,0,0,0,0
Footwear retailing,Footwear retailing,0,0,0,0
"Fresh meat, fish and poultry retailing","Fresh meat, fish and poultry retailing",0,0,0,0
Fruit and vegetable retailing,Fruit and vegetable retailing,0,0,0,0
Fuel retailing,Fuel retailing,0,0,0,0
Furniture retailing,Furniture retailing,0,0,0,0
Garden supplies retailing,Garden supplies retailing,0,0,0,0
Fuel retailing,Gross profit ratio,0.58,0.12,0.08,0.07
Supermarket and grocery stores,Gross profit ratio,0.17,0.15,0.15,0.18
Liquor retailing,Gross profit ratio,0.22,0.16,0.16,0.16
Car retailing,Gross profit ratio,0.22,0.21,0.2,0.16
Fruit and vegetable retailing,Gross profit ratio,0.31,0.24,0.2,0.22
Other grocery wholesaling,Gross profit ratio,0.57,0.38,0.26,0.23
Marine equipment retailing,Gross profit ratio,0.66,0.38,0.3,0.26
"Fresh meat, fish and poultry retailing",Gross profit ratio,0.42,0.33,0.32,0.02
"Pharmaceutical, cosmetic and toiletry goods retailing",Gross profit ratio,0.4,0.34,0.34,0.35
"Electrical, electronic and gas appliance retailing",Gross profit ratio,0.56,0.46,0.35,0.31
Floor coverings retailing,Gross profit ratio,0.43,0.41,0.36,0.41
Hardware and building supplies retailing,Gross profit ratio,0.48,0.39,0.36,0.31
Newspaper and book retailing,Gross profit ratio,0.51,0.35,0.36,0.38
Agricultural and construction machinery wholesaling,Gross profit ratio,0.4,0.41,0.38,0.28
Tyre retailing,Gross profit ratio,0.45,0.39,0.38,0.34
Stationery goods retailing,Gross profit ratio,0.48,0.43,0.38,0.35
Sport and camping equipment retailing,Gross profit ratio,0.44,0.39,0.39,0.36
Other specialised food retailing,Gross profit ratio,0.43,0.42,0.4,0.42
Furniture retailing,Gross profit ratio,0.46,0.41,0.4,0.39
Architectural aluminium product manufacturing,Gross profit ratio,0.57,0.47,0.4,0.38
Clothing retailing,Gross profit ratio,0.5,0.44,0.41,0.42
Other electrical and electronic goods wholesaling,Gross profit ratio,0.53,0.44,0.41,0.38
Garden supplies retailing,Gross profit ratio,0.54,0.43,0.41,0.42
Footwear retailing,Gross profit ratio,0.47,0.41,0.42,0.43
Computer and computer peripheral retailing,Gross profit ratio,0.54,0.45,0.43,0.33
Other store-based retailing n.e.c.,Gross profit ratio,0.54,0.47,0.45,0.41
Takeaway food services,Gross profit ratio,0.48,0.47,0.47,0.58
Non-store retailing,Gross profit ratio,0.55,0.57,0.49,0.41
Wooden structural fitting and component manufacturing,Gross profit ratio,0.61,0.54,0.49,0.5
Bakery product manufacturing (Non-factory based),Gross profit ratio,0.53,0.5,0.5,0.58
Wine and other alcoholic beverage manufacturing,Gross profit ratio,0.63,0.52,0.52,0.48
Structural metal product manufacturing,Gross profit ratio,0.81,0.54,0.52,0.44
Watch and jewellery retailing,Gross profit ratio,0.66,0.59,0.53,0.54
Concrete product manufacturing,Gross profit ratio,0.72,0.66,0.57,0.48
"Pubs, taverns and bars",Gross profit ratio,0.54,0.57,0.59,0.63
Cafes and restaurants,Gross profit ratio,0.56,0.58,0.61,0.64
Wood product manufacturing n.e.c.,Gross profit ratio,0.68,0.65,0.62,0.51
Fabricated metal product manufacturing n.e.c.,Gross profit ratio,0.95,0.82,0.66,0.59
Nursery production (Outdoors),Gross profit ratio,0.82,0.81,0.77,0.74
Supermarket and grocery stores,Gross profit ratio,11% to 27%,11% to 20%,12% to 19%,14% to 21%
Liquor retailing,Gross profit ratio,16% to 35%,12% to 20%,12% to 20%,12% to 19%
Car retailing,Gross profit ratio,5% to 47%,13% to 34%,13% to 26%,12% to 22%
Other grocery wholesaling,Gross profit ratio,31% to 99%,21% to 67%,14% to 44%,16% to 35%
Fruit and vegetable retailing,Gross profit ratio,20% to 51%,17% to 30%,16% to 25%,17% to 28%
Marine equipment retailing,Gross profit ratio,49% to 84%,26% to 51%,22% to 38%,19% to 32%
"Fresh meat, fish and poultry retailing",Gross profit ratio,28% to 70%,26% to 41%,26% to 38%,24% to 32%
Newspaper and book retailing,Gross profit ratio,32% to 80%,25% to 42%,26% to 41%,33% to 41%
"Electrical, electronic and gas appliance retailing",Gross profit ratio,38% to 84%,34% to 58%,26% to 46%,24% to 43%
Computer and computer peripheral retailing,Gross profit ratio,27% to 69%,25% to 58%,26% to 55%,22% to 46%
Floor coverings retailing,Gross profit ratio,34% to 63%,29% to 50%,27% to 45%,27% to 47%
Agricultural and construction machinery wholesaling,Gross profit ratio,24% to 66%,32% to 49%,27% to 46%,21% to 36%
Other specialised food retailing,Gross profit ratio,28% to 67%,31% to 53%,29% to 52%,24% to 49%
Stationery goods retailing,Gross profit ratio,31% to 70%,29% to 62%,30% to 50%,31% to 41%
Other electrical and electronic goods wholesaling,Gross profit ratio,37% to 78%,33% to 58%,30% to 52%,30% to 47%
Wine and other alcoholic beverage manufacturing,Gross profit ratio,31% to 99%,26% to 80%,30% to 64%,38% to 69%
Hardware and building supplies retailing,Gross profit ratio,32% to 62%,33% to 48%,31% to 43%,24% to 37%
"Pharmaceutical, cosmetic and toiletry goods retailing",Gross profit ratio,33% to 63%,32% to 38%,32% to 38%,33% to 38%
Tyre retailing,Gross profit ratio,34% to 57%,33% to 46%,32% to 43%,30% to 40%
Sport and camping equipment retailing,Gross profit ratio,31% to 55%,29% to 46%,33% to 43%,31% to 41%
Furniture retailing,Gross profit ratio,34% to 62%,32% to 51%,34% to 46%,34% to 45%
Clothing retailing,Gross profit ratio,34% to 73%,34% to 56%,35% to 49%,36% to 50%
Architectural aluminium product manufacturing,Gross profit ratio,44% to 75%,38% to 55%,35% to 49%,31% to 44%
Other store-based retailing n.e.c.,Gross profit ratio,39% to 76%,37% to 63%,35% to 55%,29% to 51%
Non-store retailing,Gross profit ratio,35% to 99%,36% to 92%,35% to 81%,24% to 61%
Garden supplies retailing,Gross profit ratio,36% to 89%,33% to 56%,36% to 48%,36% to 49%
Structural metal product manufacturing,Gross profit ratio,58% to 98%,41% to 71%,37% to 70%,37% to 57%
Footwear retailing,Gross profit ratio,40% to 63%,36% to 47%,38% to 47%,39% to 48%
Takeaway food services,Gross profit ratio,40% to 59%,39% to 54%,38% to 57%,46% to 63%
Wooden structural fitting and component manufacturing,Gross profit ratio,48% to 84%,43% to 63%,40% to 57%,38% to 57%
Bakery product manufacturing (Non-factory based),Gross profit ratio,44% to 60%,43% to 58%,42% to 62%,48% to 66%
Watch and jewellery retailing,Gross profit ratio,50% to 78%,51% to 68%,46% to 59%,47% to 59%
Concrete product manufacturing,Gross profit ratio,60% to 92%,55% to 77%,46% to 63%,39% to 59%
Wood product manufacturing n.e.c.,Gross profit ratio,57% to 83%,56% to 76%,48% to 70%,39% to 62%
"Pubs, taverns and bars",Gross profit ratio,40% to 66%,46% to  64%,50% to 64%,57% to 67%
Fabricated metal product manufacturing n.e.c.,Gross profit ratio,76% to 100%,63% to 100%,54% to 77%,46% to 69%
Cafes and restaurants,Gross profit ratio,46% to 64%,51% to 64%,55% to 66%,59% to 68%
Fuel retailing,Gross profit ratio,28% to 78%,8% to 19%,6% to 11%,6% to 9%
Nursery production (Outdoors),Gross profit ratio,72% to 100%,58% to 99%,62% to 94%,61% to 91%
Hardware and building supplies retailing,Hardware and building supplies retailing,0,0,0,0
House Construction,House Construction,0,0,0,0
"Pubs, taverns and bars",Liability structure,0.31,0.19,0.08,0.26
Wood product manufacturing n.e.c.,Liability structure,0.67,0.58,0.11,0.46
Computer and computer peripheral retailing,Liability structure,0.49,0.33,0.12,0.24
"Electrical, electronic and gas appliance retailing",Liability structure,0.44,0.31,0.13,0.27
Hardware and building supplies retailing,Liability structure,0.37,0.2,0.15,0.36
Newspaper and book retailing,Liability structure,0.44,0.49,0.15,0.35
Tyre retailing,Liability structure,0.38,0.04,0.16,0.4
Wooden structural fitting and component manufacturing,Liability structure,0.51,0.2,0.16,0.2
Fuel retailing,Liability structure,0.58,0.21,0.17,0.15
Marine equipment retailing,Liability structure,0.6,0.38,0.17,0.17
Non-residential building construction,Liability structure,0.51,0.35,0.19,0.3
Floor coverings retailing,Liability structure,0.26,0.04,0.2,0.19
Furniture retailing,Liability structure,0.53,0.14,0.21,0.23
Garden supplies retailing,Liability structure,0.83,0.36,0.21,0.3
Preschool education,Liability structure,0.21,0.36,0.24,0.26
Footwear retailing,Liability structure,0.29,0.09,0.24,0.27
Clothing retailing,Liability structure,0.53,0.21,0.24,0.29
Liquor retailing,Liability structure,0.43,0.3,0.25,0.38
Sport and camping equipment retailing,Liability structure,0.63,0.29,0.25,0.25
House Construction,Liability structure,0.53,0.4,0.26,0.21
Other specialised food retailing,Liability structure,0.56,0.38,0.26,0.38
Other grocery wholesaling,Liability structure,0.44,0.33,0.27,0.27
Other residential building construction,Liability structure,0.62,0.46,0.28,0.16
Other electrical and electronic goods wholesaling,Liability structure,0.46,0.32,0.31,0.47
Fabricated metal product manufacturing n.e.c.,Liability structure,0.6,0.42,0.31,0.43
Structural metal product manufacturing,Liability structure,0.43,0.26,0.32,0.43
Cafes and restaurants,Liability structure,0.54,0.5,0.32,0.21
"Fresh meat, fish and poultry retailing",Liability structure,0.62,0.42,0.32,0.14
Concrete product manufacturing,Liability structure,0.44,0.33,0.33,0.45
Stationery goods retailing,Liability structure,0.54,0.22,0.34,0.31
Architectural aluminium product manufacturing,Liability structure,0.44,0.2,0.36,0.31
Wine and other alcoholic beverage manufacturing,Liability structure,0.34,0.25,0.38,0.39
Painting and decorating services,Liability structure,0.58,0.39,0.38,0.38
Road and bridge construction,Liability structure,0.41,0.4,0.4,0.37
Watch and jewellery retailing,Liability structure,0.11,0.44,0.41,0.45
Non-store retailing,Liability structure,0.46,0.35,0.41,0.32
Car retailing,Liability structure,0.48,0.42,0.41,0.29
Agricultural and construction machinery wholesaling,Liability structure,0.43,0.27,0.42,0.31
"Pharmaceutical, cosmetic and toiletry goods retailing",Liability structure,0.43,0.45,0.44,0.41
Other store-based retailing n.e.c.,Liability structure,0.63,0.52,0.44,0.42
Nursery production (Outdoors),Liability structure,0.46,0.47,0.46,0.35
Fruit and vegetable retailing,Liability structure,0.62,0.45,0.47,0.57
Supermarket and grocery stores,Liability structure,0.76,0.73,0.56,0.43
Bakery product manufacturing (Non-factory based),Liability structure,0.9,0.89,0.59,0.16
Takeaway food services,Liability structure,0.86,0.83,0.75,0.26
Marine equipment retailing,Liability structure,8% to 89%,5% to 64%,0% to 43%,0% to 43%
Garden supplies retailing,Liability structure,18% to 97%,-8% to 84%,0% to 54%,10% to 48%
Liquor retailing,Liability structure,-3% to 91%,0% to 88%,0% to 62%,8% to 60%
Sport and camping equipment retailing,Liability structure,1% to 93%,-1% to 77%,0% to 63%,0% to 54%
Other electrical and electronic goods wholesaling,Liability structure,-1% to 82%,0% to 66%,0% to 67%,15% to 68%
Structural metal product manufacturing,Liability structure,-1% to 91%,-8% to 70%,0% to 68%,10% to 69%
Painting and decorating services,Liability structure,0% to 88%,-5% to 77%,0% to 71%,3% to 62%
Non-store retailing,Liability structure,2% to 89%,-17% to 89%,0% to 76%,0% to 65%
Concrete product manufacturing,Liability structure,-12% to 74%,1% to 56%,1% to 66%,11% to 61%
Stationery goods retailing,Liability structure,13% to 87%,-15% to 61%,-1% to 76%,-1% to 60%
Other store-based retailing n.e.c.,Liability structure,0% to 94%,0% to 91%,1% to 85%,3% to 75%
Nursery production (Outdoors),Liability structure,-5% to 94%,1% to 94%,-1% to 86%,8% to 69%
Non-residential building construction,Liability structure,2% to 82%,2% to 80%,-10% to 61%,5% to 61%
Other specialised food retailing,Liability structure,-5% to 97%,-9% to 91%,-10% to 82%,1% to 68%
Tyre retailing,Liability structure,-20% to 79%,-24% to 43%,-11% to 44%,12% to 59%
Cafes and restaurants,Liability structure,-2% to 95%,-3% to 91%,-11% to 80%,-8% to 59%
"Pharmaceutical, cosmetic and toiletry goods retailing",Liability structure,1% to 79%,13% to 68%,13% to 68%,14% to 66%
Takeaway food services,Liability structure,23% to 98%,29% to 96%,14% to 94%,-1% to 73%
Furniture retailing,Liability structure,-39% to 91%,-19% to 68%,-16% to 74%,-7% to 49%
Agricultural and construction machinery wholesaling,Liability structure,0% to 92%,-1% to 50%,18% to 60%,10% to 55%
Floor coverings retailing,Liability structure,-18% to 60%,-17% to 43%,-2% to 59%,0% to 54%
Fabricated metal product manufacturing n.e.c.,Liability structure,0% to 89%,0% to 76%,-2% to 72%,16% to 67%
Other residential building construction,Liability structure,0% to 89%,-2% to 83%,-2% to 72%,-6% to 62%
"Electrical, electronic and gas appliance retailing",Liability structure,0% to 88%,-2% to 86%,-21% to 61%,0% to 53%
Wood product manufacturing n.e.c.,Liability structure,7% to 93%,0% to 80%,-25% to 63%,12% to 61%
"Pubs, taverns and bars",Liability structure,-32% to 93%,-22% to 75%,-29% to 54%,-1% to 57%
Fuel retailing,Liability structure,2% to 87%,-2% to 61%,-3% to 53%,0% to 47%
Newspaper and book retailing,Liability structure,4% to 90%,-6% to 82%,-3% to 55%,0% to 62%
Computer and computer peripheral retailing,Liability structure,0% to 86%,-19% to 81%,-3% to 58%,0% to 54%
Footwear retailing,Liability structure,-11% to 84%,-22% to 53%,-3% to 65%,6% to 58%
Clothing retailing,Liability structure,0% to 95%,-20% to 77%,-3% to 66%,2% to 60%
"Fresh meat, fish and poultry retailing",Liability structure,0% to 94%,-11% to 77%,-3% to 75%,-5% to 53%
Fruit and vegetable retailing,Liability structure,-24% to 97%,-1% to 93%,3% to 90%,16% to 77%
Other grocery wholesaling,Liability structure,0% to 89%,-3% to 83%,-4% to 65%,6% to 60%
Car retailing,Liability structure,-14% to 92%,-6% to 90%,4% to 81%,9% to 57%
Bakery product manufacturing (Non-factory based),Liability structure,46% to 98%,31% to 96%,5% to 94%,-10% to 73%
Hardware and building supplies retailing,Liability structure,-1% to 87%,-4% to 54%,-6% to 53%,10% to 64%
Architectural aluminium product manufacturing,Liability structure,-18% to 82%,-6% to 60%,6% to 64%,9% to 58%
House Construction,Liability structure,0% to 88%,0% to 81%,-6% to 66%,-2% to 52%
Watch and jewellery retailing,Liability structure,-15% to 86%,4% to 85%,6% to 73%,8% to 79%
Wooden structural fitting and component manufacturing,Liability structure,-10% to 86%,-14% to 61%,-7% to 53%,-2% to 55%
Road and bridge construction,Liability structure,4% to 79%,11% to 64%,7% to 62%,10% to 67%
Supermarket and grocery stores,Liability structure,8% to 97%,18% to 94%,7% to 88%,10% to 70%
Preschool education,Liability structure,-6% to 65%,3% to 57%,8% to 54%,1% to 49%
Wine and other alcoholic beverage manufacturing,Liability structure,-11% to 87%,-73% to 68%,8% to 76%,4% to 66%
Liquor retailing,Liquor retailing,0,0,0,0
Marine equipment retailing,Marine equipment retailing,0,0,0,0
Nursery production (Outdoors),Median,0,0,0,0
Bakery product manufacturing (Non-factory based),Median,0,0,0,0
Wine and other alcoholic beverage manufacturing,Median,0,0,0,0
Wooden structural fitting and component manufacturing,Median,0,0,0,0
Wood product manufacturing n.e.c.,Median,0,0,0,0
Concrete product manufacturing,Median,0,0,0,0
Architectural aluminium product manufacturing,Median,0,0,0,0
Structural metal product manufacturing,Median,0,0,0,0
Fabricated metal product manufacturing n.e.c.,Median,0,0,0,0
House Construction,Median,0,0,0,0
Other residential building construction,Median,0,0,0,0
Non-residential building construction,Median,0,0,0,0
Road and bridge construction,Median,0,0,0,0
Painting and decorating services,Median,0,0,0,0
Agricultural and construction machinery wholesaling,Median,0,0,0,0
Other electrical and electronic goods wholesaling,Median,0,0,0,0
Other grocery wholesaling,Median,0,0,0,0
Car retailing,Median,0,0,0,0
Tyre retailing,Median,0,0,0,0
Fuel retailing,Median,0,0,0,0
Supermarket and grocery stores,Median,0,0,0,0
"Fresh meat, fish and poultry retailing",Median,0,0,0,0
Fruit and vegetable retailing,Median,0,0,0,0
Liquor retailing,Median,0,0,0,0
Other specialised food retailing,Median,0,0,0,0
Furniture retailing,Median,0,0,0,0
Floor coverings retailing,Median,0,0,0,0
"Electrical, electronic and gas appliance retailing",Median,0,0,0,0
Computer and computer peripheral retailing,Median,0,0,0,0
Hardware and building supplies retailing,Median,0,0,0,0
Garden supplies retailing,Median,0,0,0,0
Sport and camping equipment retailing,Median,0,0,0,0
Newspaper and book retailing,Median,0,0,0,0
Marine equipment retailing,Median,0,0,0,0
Clothing retailing,Median,0,0,0,0
Footwear retailing,Median,0,0,0,0
Watch and jewellery retailing,Median,0,0,0,0
"Pharmaceutical, cosmetic and toiletry goods retailing",Median,0,0,0,0
Stationery goods retailing,Median,0,0,0,0
Other store-based retailing n.e.c.,Median,0,0,0,0
Non-store retailing,Median,0,0,0,0
Cafes and restaurants,Median,0,0,0,0
Takeaway food services,Median,0,0,0,0
"Pubs, taverns and bars",Median,0,0,0,0
Preschool education,Median,0,0,0,0
Newspaper and book retailing,Newspaper and book retailing,0,0,0,0
Non-residential building construction,Non-residential building construction,0,0,0,0
Non-store retailing,Non-store retailing,0,0,0,0
Nursery production (Outdoors),Nursery production (Outdoors),0,0,0,0
Other electrical and electronic goods wholesaling,Other electrical and electronic goods wholesaling,0,0,0,0
Other grocery wholesaling,Other grocery wholesaling,0,0,0,0
Other residential building construction,Other residential building construction,0,0,0,0
Other specialised food retailing,Other specialised food retailing,0,0,0,0
Other store-based retailing n.e.c.,Other store-based retailing n.e.c.,0,0,0,0
Painting and decorating services,Painting and decorating services,0,0,0,0
"Pharmaceutical, cosmetic and toiletry goods retailing","Pharmaceutical, cosmetic and toiletry goods retailing",0,0,0,0
Preschool education,Preschool education,0,0,0,0
"Pubs, taverns and bars","Pubs, taverns and bars",0,0,0,0
Liquor retailing,Quick ratio,0.48,0.28,0.34,0.45
Footwear retailing,Quick ratio,0.42,0.22,0.36,0.2
Other specialised food retailing,Quick ratio,0.43,0.47,0.36,0.52
Cafes and restaurants,Quick ratio,0.5,0.37,0.37,0.42
Sport and camping equipment retailing,Quick ratio,0.51,0.42,0.38,0.32
Garden supplies retailing,Quick ratio,0.78,0.44,0.41,0.52
Clothing retailing,Quick ratio,0.6,0.33,0.42,0.46
Newspaper and book retailing,Quick ratio,0.55,0.35,0.43,0.39
"Pubs, taverns and bars",Quick ratio,0.37,0.59,0.44,0.51
Supermarket and grocery stores,Quick ratio,0.51,0.37,0.44,0.44
Fruit and vegetable retailing,Quick ratio,0.95,0.55,0.46,0.47
Watch and jewellery retailing,Quick ratio,0.33,0.33,0.47,0.45
Other store-based retailing n.e.c.,Quick ratio,0.69,0.74,0.52,0.75
Bakery product manufacturing (Non-factory based),Quick ratio,0.89,0.73,0.53,0.5
Car retailing,Quick ratio,0.64,0.5,0.56,0.6
"Fresh meat, fish and poultry retailing",Quick ratio,0.46,0.44,0.59,0.54
Furniture retailing,Quick ratio,0.48,0.58,0.59,0.49
Marine equipment retailing,Quick ratio,0.64,0.64,0.59,0.42
Hardware and building supplies retailing,Quick ratio,0.66,0.66,0.61,0.92
Fuel retailing,Quick ratio,0.73,0.57,0.63,0.59
Stationery goods retailing,Quick ratio,0.95,0.68,0.64,0.89
"Electrical, electronic and gas appliance retailing",Quick ratio,0.88,0.62,0.67,0.62
Tyre retailing,Quick ratio,0.51,0.62,0.7,0.96
Other residential building construction,Quick ratio,0.88,1.08,0.77,0.94
Wood product manufacturing n.e.c.,Quick ratio,0.81,0.96,0.78,1.04
Preschool education,Quick ratio,0.72,0.94,0.81,0.69
Floor coverings retailing,Quick ratio,0.63,0.75,0.83,0.93
"Pharmaceutical, cosmetic and toiletry goods retailing",Quick ratio,0.91,0.89,0.83,0.85
Wine and other alcoholic beverage manufacturing,Quick ratio,1.76,0.54,0.84,1.13
Wooden structural fitting and component manufacturing,Quick ratio,0.85,0.75,0.86,0.99
Computer and computer peripheral retailing,Quick ratio,1.07,0.64,0.86,0.97
Non-store retailing,Quick ratio,0.71,0.58,0.87,1.03
Other grocery wholesaling,Quick ratio,0.8,1.31,0.93,1.06
Takeaway food services,Quick ratio,0.68,0.91,0.94,0.5
House Construction,Quick ratio,0.89,1,0.94,0.97
Non-residential building construction,Quick ratio,0.97,1.15,1.04,1.23
Painting and decorating services,Quick ratio,0.85,0.97,1.05,1.21
Architectural aluminium product manufacturing,Quick ratio,0.83,1,1.06,1.34
Road and bridge construction,Quick ratio,0.88,0.99,1.08,1.43
Fabricated metal product manufacturing n.e.c.,Quick ratio,1.2,1.19,1.1,1.46
Agricultural and construction machinery wholesaling,Quick ratio,1.44,0.88,1.11,0.82
Nursery production (Outdoors),Quick ratio,0.55,0.77,1.14,0.72
Structural metal product manufacturing,Quick ratio,0.69,1.31,1.15,1.04
Concrete product manufacturing,Quick ratio,0.68,1.09,1.22,1.04
Other electrical and electronic goods wholesaling,Quick ratio,1.16,0.96,1.26,1.2
Watch and jewellery retailing,Quick ratio,7% to 174%,3% to 181%,11% to 126%,11% to 161%
Car retailing,Quick ratio,8% to 408%,8% to 274%,11% to 170%,22% to 134%
Fruit and vegetable retailing,Quick ratio,6% to 290%,8% to 160%,11% to 185%,12% to 130%
Supermarket and grocery stores,Quick ratio,5% to 258%,8% to 193%,12% to 139%,15% to 106%
"Pubs, taverns and bars",Quick ratio,5% to 148%,17% to 160%,13% to 118%,19% to 109%
Clothing retailing,Quick ratio,8% to 219%,7% to 116%,13% to 124%,15% to 105%
Other store-based retailing n.e.c.,Quick ratio,10% to 222%,15% to 255%,13% to 164%,24% to 190%
Sport and camping equipment retailing,Quick ratio,7% to 220%,14% to 113%,14% to 101%,13% to 82%
Newspaper and book retailing,Quick ratio,15% to 280%,11% to 130%,14% to 106%,17% to 82%
Bakery product manufacturing (Non-factory based),Quick ratio,32% to 251%,15% to 225%,14% to 146%,15% to 131%
Liquor retailing,Quick ratio,5% to 180%,10% to 129%,17% to 113%,22% to 84%
Garden supplies retailing,Quick ratio,4% to 395%,5% to 170%,18% to 90%,23% to 100%
"Fresh meat, fish and poultry retailing",Quick ratio,6% to 263%,13% to 193%,23% to 131%,22% to 105%
Takeaway food services,Quick ratio,6% to 292%,18% to 268%,23% to 227%,12% to 141%
Marine equipment retailing,Quick ratio,19% to 383%,28% to 116%,24% to 116%,12% to 110%
Non-store retailing,Quick ratio,13% to 290%,10% to 188%,25% to 193%,38% to 206%
Stationery goods retailing,Quick ratio,30% to 272%,41% to 166%,26% to 153%,43% to 134%
Wood product manufacturing n.e.c.,Quick ratio,8% to 170%,32% to 222%,27% to 166%,63% to 226%
Other residential building construction,Quick ratio,14% to 394%,27% to 263%,27% to 253%,33% to 174%
Preschool education,Quick ratio,13% to 151%,36% to 148%,31% to 133%,31% to 138%
Furniture retailing,Quick ratio,7% to 350%,13% to 133%,31% to 158%,16% to 104%
Fuel retailing,Quick ratio,25% to 229%,28% to 138%,32% to 112%,29% to 99%
Computer and computer peripheral retailing,Quick ratio,47% to 269%,18% to 152%,34% to 144%,54% to 192%
Non-residential building construction,Quick ratio,6% to 293%,38% to 270%,34% to 218%,77% to 197%
"Electrical, electronic and gas appliance retailing",Quick ratio,22% to 294%,15% to 212%,35% to 155%,28% to 124%
House Construction,Quick ratio,16% to 286%,27% to 275%,36% to 205%,51% to 169%
Tyre retailing,Quick ratio,23% to 161%,33% to 111%,38% to 147%,64% to 148%
Hardware and building supplies retailing,Quick ratio,14% to 218%,31% to 161%,39% to 128%,52% to 147%
Floor coverings retailing,Quick ratio,18% to 180%,39% to 137%,39% to 139%,57% to 145%
Other grocery wholesaling,Quick ratio,21% to 311%,28% to 313%,41% to 188%,64% to 190%
Painting and decorating services,Quick ratio,16% to 266%,16% to 254%,41% to 229%,72% to 211%
Nursery production (Outdoors),Quick ratio,10% to 240%,14% to 369%,45% to 256%,25% to 178%
Wine and other alcoholic beverage manufacturing,Quick ratio,14% to 336%,18% to 130%,46% to 186%,66% to 189%
Wooden structural fitting and component manufacturing,Quick ratio,14% to 352%,27% to 165%,47% to 167%,64% to 176%
"Pharmaceutical, cosmetic and toiletry goods retailing",Quick ratio,43% to 178%,56% to 155%,50% to 138%,46% to 139%
Fabricated metal product manufacturing n.e.c.,Quick ratio,32% to 425%,34% to 265%,51% to 230%,81% to 253%
Agricultural and construction machinery wholesaling,Quick ratio,40% to 528%,53% to 167%,55% to 215%,50% to 162%
Architectural aluminium product manufacturing,Quick ratio,44% to 272%,52% to 198%,56% to 195%,84% to 188%
Other specialised food retailing,Quick ratio,4% to 170%,6% to 168%,6% to 103%,24% to 119%
Concrete product manufacturing,Quick ratio,18% to 183%,56% to 196%,61% to 199%,74% to 188%
Structural metal product manufacturing,Quick ratio,39% to 292%,65% to 265%,64% to 196%,79% to 199%
Other electrical and electronic goods wholesaling,Quick ratio,41% to 294%,43% to 252%,65% to 240%,72% to 211%
Footwear retailing,Quick ratio,11% to 172%,7% to 79%,7% to 112%,7% to 69%
Road and bridge construction,Quick ratio,26% to 216%,35% to 217%,73% to 188%,97% to 210%
Cafes and restaurants,Quick ratio,6% to 194%,6% to 147%,8% to 133%,12% to 100%
Nursery production (Outdoors),Range,0,0,0,0
Bakery product manufacturing (Non-factory based),Range,0,0,0,0
Wine and other alcoholic beverage manufacturing,Range,0,0,0,0
Wooden structural fitting and component manufacturing,Range,0,0,0,0
Wood product manufacturing n.e.c.,Range,0,0,0,0
Concrete product manufacturing,Range,0,0,0,0
Architectural aluminium product manufacturing,Range,0,0,0,0
Structural metal product manufacturing,Range,0,0,0,0
Fabricated metal product manufacturing n.e.c.,Range,0,0,0,0
House Construction,Range,0,0,0,0
Other residential building construction,Range,0,0,0,0
Non-residential building construction,Range,0,0,0,0
Road and bridge construction,Range,0,0,0,0
Painting and decorating services,Range,0,0,0,0
Agricultural and construction machinery wholesaling,Range,0,0,0,0
Other electrical and electronic goods wholesaling,Range,0,0,0,0
Other grocery wholesaling,Range,0,0,0,0
Car retailing,Range,0,0,0,0
Tyre retailing,Range,0,0,0,0
Fuel retailing,Range,0,0,0,0
Supermarket and grocery stores,Range,0,0,0,0
"Fresh meat, fish and poultry retailing",Range,0,0,0,0
Fruit and vegetable retailing,Range,0,0,0,0
Liquor retailing,Range,0,0,0,0
Other specialised food retailing,Range,0,0,0,0
Furniture retailing,Range,0,0,0,0
Floor coverings retailing,Range,0,0,0,0
"Electrical, electronic and gas appliance retailing",Range,0,0,0,0
Computer and computer peripheral retailing,Range,0,0,0,0
Hardware and building supplies retailing,Range,0,0,0,0
Garden supplies retailing,Range,0,0,0,0
Sport and camping equipment retailing,Range,0,0,0,0
Newspaper and book retailing,Range,0,0,0,0
Marine equipment retailing,Range,0,0,0,0
Clothing retailing,Range,0,0,0,0
Footwear retailing,Range,0,0,0,0
Watch and jewellery retailing,Range,0,0,0,0
"Pharmaceutical, cosmetic and toiletry goods retailing",Range,0,0,0,0
Stationery goods retailing,Range,0,0,0,0
Other store-based retailing n.e.c.,Range,0,0,0,0
Non-store retailing,Range,0,0,0,0
Cafes and restaurants,Range,0,0,0,0
Takeaway food services,Range,0,0,0,0
"Pubs, taverns and bars",Range,0,0,0,0
Preschool education,Range,0,0,0,0
House Construction,Return on equity,0,0,0,0.14
Other residential building construction,Return on equity,0,0,0,0.05
Other specialised food retailing,Return on equity,0,0,0,0.15
Computer and computer peripheral retailing,Return on equity,0,0,0,0.04
Cafes and restaurants,Return on equity,0,0,0,0.09
Wine and other alcoholic beverage manufacturing,Return on equity,0.04,0.07,0,0.07
Marine equipment retailing,Return on equity,0.13,0,0,0.05
Sport and camping equipment retailing,Return on equity,0,0,0.01,0.21
Clothing retailing,Return on equity,0,0,0.01,0.12
Other store-based retailing n.e.c.,Return on equity,0.01,0,0.01,0.11
Watch and jewellery retailing,Return on equity,0.07,0.08,0.01,0.19
Wooden structural fitting and component manufacturing,Return on equity,0.08,0.01,0.01,0.06
Garden supplies retailing,Return on equity,0.01,0.02,0.02,0.24
Supermarket and grocery stores,Return on equity,0.02,0.09,0.02,0.11
Car retailing,Return on equity,0,0.01,0.03,0.12
Fuel retailing,Return on equity,0,0.06,0.03,0.08
Liquor retailing,Return on equity,0,0,0.03,0.13
Fabricated metal product manufacturing n.e.c.,Return on equity,0.05,0.05,0.03,0.21
Other grocery wholesaling,Return on equity,0,0.06,0.04,0.19
Fruit and vegetable retailing,Return on equity,0.07,0.03,0.04,0.03
Non-store retailing,Return on equity,0.1,0.08,0.04,0.17
Furniture retailing,Return on equity,0,0.05,0.05,0.19
Stationery goods retailing,Return on equity,0,0,0.05,0.15
Hardware and building supplies retailing,Return on equity,0,0,0.06,0.11
Nursery production (Outdoors),Return on equity,0.02,0.04,0.06,0.1
Wood product manufacturing n.e.c.,Return on equity,0.03,0,0.06,0.25
Painting and decorating services,Return on equity,0.2,0.02,0.06,0.21
Architectural aluminium product manufacturing,Return on equity,0,0.15,0.07,0.15
"Pubs, taverns and bars",Return on equity,0,0,0.07,0.22
Floor coverings retailing,Return on equity,0,0.03,0.08,0.12
Newspaper and book retailing,Return on equity,0.07,0.06,0.08,0.07
Structural metal product manufacturing,Return on equity,0,0,0.09,0.2
"Fresh meat, fish and poultry retailing",Return on equity,0,0,0.1,0.11
Tyre retailing,Return on equity,0,0,0.11,0.3
"Electrical, electronic and gas appliance retailing",Return on equity,0,0,0.12,0.17
Non-residential building construction,Return on equity,0.06,0.04,0.12,0.22
Takeaway food services,Return on equity,0.12,0.21,0.14,0.07
Footwear retailing,Return on equity,0.01,0.04,0.16,0.28
Bakery product manufacturing (Non-factory based),Return on equity,0.12,0.19,0.16,0.06
Agricultural and construction machinery wholesaling,Return on equity,0,0.04,0.17,0.24
Concrete product manufacturing,Return on equity,0.09,0,0.17,0.26
Road and bridge construction,Return on equity,0,0.1,0.19,0.11
Other electrical and electronic goods wholesaling,Return on equity,0,0,0.2,0.29
Preschool education,Return on equity,0.14,0.1,0.29,0.33
"Pharmaceutical, cosmetic and toiletry goods retailing",Return on equity,0.08,0.17,0.38,0.34
Painting and decorating services,Return on equity,-1% to 230%,-5% to 150%,0% to 114%,0% to 104%
Liquor retailing,Return on equity,-7% to 22%,0% to 24%,0% to 24%,0% to 44%
Watch and jewellery retailing,Return on equity,0% to 49%,0% to 52%,0% to 26%,0% to 49%
Supermarket and grocery stores,Return on equity,-8% to 32%,0% to 34%,0% to 29%,0% to 36%
Nursery production (Outdoors),Return on equity,-11% to 27%,0% to 37%,0% to 31%,0% to 32%
Floor coverings retailing,Return on equity,-4% to 37%,-9% to 33%,0% to 35%,-1% to 55%
Tyre retailing,Return on equity,-16% to 15%,0% to 35%,0% to 37%,2% to 52%
Newspaper and book retailing,Return on equity,-5% to 64%,-6% to 29%,0% to 38%,0% to 32%
Furniture retailing,Return on equity,-21% to 23%,0% to 47%,0% to 39%,0% to 55%
Concrete product manufacturing,Return on equity,-4% to 71%,-22% to 22%,0% to 40%,3% to 65%
Stationery goods retailing,Return on equity,-15% to 24%,-3% to 28%,0% to 43%,0% to 57%
Non-store retailing,Return on equity,-1% to 87%,-2% to 70%,0% to 47%,0% to 70%
"Electrical, electronic and gas appliance retailing",Return on equity,-2% to 70%,-3% to 41%,0% to 51%,-1% to 64%
Takeaway food services,Return on equity,-11% to 57%,0% to 68%,0% to 57%,0% to 54%
Footwear retailing,Return on equity,0% to 37%,0% to 43%,0% to 58%,2% to 66%
Road and bridge construction,Return on equity,-1% to 41%,-1% to 49%,0% to 60%,-5% to 46%
Other grocery wholesaling,Return on equity,-16% o 30%,-3% to 77%,0% to 60%,3% to 63%
Bakery product manufacturing (Non-factory based),Return on equity,0% to 42%,0% to 58%,0% to 62%,-3% to 50%
Other electrical and electronic goods wholesaling,Return on equity,-1% to 40%,-3% to 27%,0% to 66%,1% to 59%
Non-residential building construction,Return on equity,-2% to 98%,0% to 42%,0% to 66%,-2% to 61%
Preschool education,Return on equity,-14% to 63%,-3% to 38%,0% to 82%,0% to 84%
Car retailing,Return on equity,-10% to 28%,-3% to 24%,-1% to 19%,0% to 35%
Fuel retailing,Return on equity,0% to 17%,0% to 47%,-1% to 30%,0% to 39%
Sport and camping equipment retailing,Return on equity,-9% to 46%,-6% to 28%,-1% to 31%,1% to 50%
Other specialised food retailing,Return on equity,-26% to 39%,-3% to 40%,-1% to 34%,0% to 54%
Hardware and building supplies retailing,Return on equity,-6% to 20%,-2% to 40%,-1% to 44%,0% to 30%
Fabricated metal product manufacturing n.e.c.,Return on equity,0% to 118%,0% to 48%,-1% to 45%,0% to 55%
Agricultural and construction machinery wholesaling,Return on equity,-8% to 16%,0% to 44%,1% to 46%,10% to 52%
House Construction,Return on equity,-1% to 107%,-2% to 72%,-1% to 56%,0% to 79%
Other residential building construction,Return on equity,0% to 206%,-1% to 93%,-1% to 73%,-3% to 78%
Wood product manufacturing n.e.c.,Return on equity,-6% to 54%,0% to 46%,-10% to 27%,3% to 53%
Fruit and vegetable retailing,Return on equity,-4% to 89%,-6% to 73%,-10% to 36%,0% to 30%
Architectural aluminium product manufacturing,Return on equity,-6% to 31%,-2% to 70%,-10% to 36%,0% to 69%
"Pharmaceutical, cosmetic and toiletry goods retailing",Return on equity,0% to 67%,0% to 50%,12% to 82%,13% to 88%
Wine and other alcoholic beverage manufacturing,Return on equity,-9% to 36%,0% to 47%,-16% to 15%,0% to 31%
Other store-based retailing n.e.c.,Return on equity,-7% to 38%,-6% to 22%,-2% to 35%,0% to 49%
Computer and computer peripheral retailing,Return on equity,-2% to 40%,-21% to 53%,-20% to 30%,-4% to 87%
Clothing retailing,Return on equity,-17% to 55%,-4% to 47%,-3% to 26%,-1% to 49%
"Fresh meat, fish and poultry retailing",Return on equity,-5% to 43%,-14% to 40%,-3% to 52%,-1% to 56%
Garden supplies retailing,Return on equity,-2% to 30%,-2% to 35%,-5% to 25%,0% to 61%
Marine equipment retailing,Return on equity,0% to 58%,-6% to 26%,-5% to 27%,-1% to 27%
Structural metal product manufacturing,Return on equity,-12% to 28%,-8% to 33%,-6% to 44%,3% to 45%
Cafes and restaurants,Return on equity,-14% to 53%,-11% to 41%,-7% to 36%,-2% to 57%
Wooden structural fitting and component manufacturing,Return on equity,-6% to 49%,-3% to 58%,-8% to 30%,-15% to 41%
"Pubs, taverns and bars",Return on equity,-9% to 25%,-8% to 34%,-9% to 34%,0% to 95%
Wine and other alcoholic beverage manufacturing,Return on total assets,-0.01,-0.02,-0.01,0.01
Newspaper and book retailing,Return on total assets,-0.01,0.03,0,0.01
Cafes and restaurants,Return on total assets,-0.01,0,0,0.03
Architectural aluminium product manufacturing,Return on total assets,0,0,0,0.05
Other grocery wholesaling,Return on total assets,0,0.01,0,0.06
Fuel retailing,Return on total assets,0,0,0,0.02
Fruit and vegetable retailing,Return on total assets,0,0,0,0.02
Liquor retailing,Return on total assets,0,0,0,0.03
Other specialised food retailing,Return on total assets,0,0,0,0.04
Furniture retailing,Return on total assets,0,0,0,0.05
Floor coverings retailing,Return on total assets,0,0,0,0.05
"Electrical, electronic and gas appliance retailing",Return on total assets,0,0,0,0.06
Computer and computer peripheral retailing,Return on total assets,0,0,0,0
Hardware and building supplies retailing,Return on total assets,0,0,0,0.03
Garden supplies retailing,Return on total assets,0,0,0,0.06
Sport and camping equipment retailing,Return on total assets,0,0,0,0.07
Clothing retailing,Return on total assets,0,0,0,0.02
Watch and jewellery retailing,Return on total assets,0,0.01,0,0.1
Other store-based retailing n.e.c.,Return on total assets,0,0,0,0.03
"Pubs, taverns and bars",Return on total assets,0,0,0,0.07
Nursery production (Outdoors),Return on total assets,0.02,0,0,0.05
Marine equipment retailing,Return on total assets,0.04,0,0,0.01
House Construction,Return on total assets,0.05,0.01,0,0.04
Wooden structural fitting and component manufacturing,Return on total assets,0.06,0,0,0.02
Other residential building construction,Return on total assets,0.14,0.01,0,0.02
Car retailing,Return on total assets,0,0,0.01,0.02
Supermarket and grocery stores,Return on total assets,0,0.02,0.01,0.03
Stationery goods retailing,Return on total assets,0,0,0.01,0.02
Non-store retailing,Return on total assets,0,0.06,0.01,0.06
Wood product manufacturing n.e.c.,Return on total assets,0.08,0,0.01,0.1
Structural metal product manufacturing,Return on total assets,0,0.02,0.02,0.07
"Fresh meat, fish and poultry retailing",Return on total assets,0,0,0.02,0.02
Tyre retailing,Return on total assets,0,0,0.03,0.09
Non-residential building construction,Return on total assets,0.02,0.02,0.03,0.09
Fabricated metal product manufacturing n.e.c.,Return on total assets,0.23,0.1,0.03,0.09
Other electrical and electronic goods wholesaling,Return on total assets,0,0,0.05,0.13
Footwear retailing,Return on total assets,0,0,0.05,0.06
Concrete product manufacturing,Return on total assets,0,0,0.06,0.03
Bakery product manufacturing (Non-factory based),Return on total assets,0.09,0.16,0.06,0.02
Agricultural and construction machinery wholesaling,Return on total assets,0,0.02,0.07,0.08
Takeaway food services,Return on total assets,0.03,0.11,0.07,0.01
Road and bridge construction,Return on total assets,0.01,0.01,0.08,0.05
Painting and decorating services,Return on total assets,0.76,0.24,0.08,0.11
Preschool education,Return on total assets,0.02,0.04,0.11,0.15
"Pharmaceutical, cosmetic and toiletry goods retailing",Return on total assets,0.02,0.08,0.14,0.16
Tyre retailing,Return on total assets,-8% to 7%,0% to 5%,0% to 10%,1% to 21%
Structural metal product manufacturing,Return on total assets,-2% to 46%,0% to 23%,0% to 13%,0% to 19%
Supermarket and grocery stores,Return on total assets,-10% to 10%,0% to 20%,0% to 14%,0% to 12%
Concrete product manufacturing,Return on total assets,-17% to 14%,-6% to 7%,0% to 14%,0% to 16%
Footwear retailing,Return on total assets,-6% to 3%,-6% to 3%,0% to 14%,0 to 18%
Other grocery wholesaling,Return on total assets,-14% to 10%,-2% to 26%,0% to 15%,0% to 19%
Agricultural and construction machinery wholesaling,Return on total assets,-4% to 11%,0% to 17%,0% to 17%,4% to 16%
Fabricated metal product manufacturing n.e.c.,Return on total assets,0% to 154%,0% to 40%,0% to 19%,0% to 22%
Other electrical and electronic goods wholesaling,Return on total assets,-1% to 23%,-2% to 9%,0% to 19%,2% to 24%
Road and bridge construction,Return on total assets,0% to 42%,-1% to 17%,0% to 22%,0% to 19%
House Construction,Return on total assets,0% to 167%,0% to 73%,0% to 24%,0% to 25%
Bakery product manufacturing (Non-factory based),Return on total assets,0% to 31%,0% to 39%,0% to 28%,-3% to 20%
Liquor retailing,Return on total assets,-12% to 5%,-1% to 4%,0% to 3%,0% to 11%
Takeaway food services,Return on total assets,-14% to 32%,0% to 44%,0% to 34%,-1% to 18%
Watch and jewellery retailing,Return on total assets,-1% to 19%,0% to 17%,0% to 7%,0% to 22%
Stationery goods retailing,Return on total assets,-8% to 17%,0% to 11%,0% to 8%,-3% to 13%
Other residential building construction,Return on total assets,0% to 256%,0% to 185%,0% to 80%,-1% to 17%
Painting and decorating services,Return on total assets,0% to 246%,0% to 221%,0% to 84%,0% to 47%
Non-store retailing,Return on total assets,-9% to 53%,0% to 69%,-1% to 18%,0% to 22%
Preschool education,Return on total assets,-3% to 19%,-1% to 15%,1% to 26%,1% to 31%
Marine equipment retailing,Return on total assets,-1% to 18%,-16% to 2%,-1% to 6%,-1% to 7%
Car retailing,Return on total assets,-14% to 11%,-3% to 10%,-1% to 8%,0% to 12%
Sport and camping equipment retailing,Return on total assets,-20% to 7%,-8% to 8%,-1% to 8%,0% to 16%
Hardware and building supplies retailing,Return on total assets,-7% to 9%,-7% to 4%,-1% to 9%,0% to 10%
"Pubs, taverns and bars",Return on total assets,-26% to 3%,-10% to 5%,-14% to 7%,0% to 27%
Other store-based retailing n.e.c.,Return on total assets,-8% to 19%,-4% to10%,-2% to 11%,0% to 15%
Nursery production (Outdoors),Return on total assets,-2% to 13%,-1% to 12%,-2% to 12%,0% to 14%
Non-residential building construction,Return on total assets,-1% to 77%,0% to 19%,-2% to 19%,0% to 25%
Other specialised food retailing,Return on total assets,-29% to 10%,-6% to 17%,-2% to 8%,0% to 19%
Fuel retailing,Return on total assets,0% to 9%,-3% to 6%,-3% to 3%,0% to 9%
Clothing retailing,Return on total assets,-25% to 9%,-11% to 9%,-3% to 8%,-2% to 14%
Furniture retailing,Return on total assets,-25% to 10%,-16% to 3%,-3% to 9%,0% to 17%
Wooden structural fitting and component manufacturing,Return on total assets,-2% to 52%,-4% to 14%,-4% to 10%,-4% to 15%
Newspaper and book retailing,Return on total assets,-24% to 13%,-2% to 18%,-4% to 8%,0% to 11%
Architectural aluminium product manufacturing,Return on total assets,-1% to 34%,-10% to 15%,-5% to 10%,0% to 14%
"Pharmaceutical, cosmetic and toiletry goods retailing",Return on total assets,-2% to 17%,0% to 20%,5% to 25%,6% to 29%
Floor coverings retailing,Return on total assets,-13% to 9%,-6% to 8%,-5% to 9%,-1% to 12%
Computer and computer peripheral retailing,Return on total assets,-3% to 19%,-19% to 13%,-6% to 12%,-4% to 23%
"Fresh meat, fish and poultry retailing",Return on total assets,-8% to 19%,-8% to 15%,-6% to 16%,0% to 20%
Wood product manufacturing n.e.c.,Return on total assets,0% to 47%,-1% to 8%,-7% to 11%,0% to 22%
Cafes and restaurants,Return on total assets,-27% to 10%,-15% to 10%,-8% to 10%,-1% to 18%
Garden supplies retailing,Return on total assets,-8% to 12%,-4% to 6%,-8% to 7%,0% to 15%
Fruit and vegetable retailing,Return on total assets,-36% to 6%,-7% to 22%,-9% to 12%,0% to 9%
Wine and other alcoholic beverage manufacturing,Return on total assets,-11% to 8%,-19% to 4%,-9% to 4%,-1% to 9%
"Electrical, electronic and gas appliance retailing",Return on total assets,-1% to 34%,-3% to 9%,-9% to 5%,-1% to 18%
Road and bridge construction,Road and bridge construction,0,0,0,0
Fuel retailing,Salaries and wages/turnover ratio,0.15,0.07,0.04,0.04
Supermarket and grocery stores,Salaries and wages/turnover ratio,0,0.02,0.05,0.09
Liquor retailing,Salaries and wages/turnover ratio,0.04,0.05,0.06,0.07
Car retailing,Salaries and wages/turnover ratio,0,0.05,0.07,0.06
Fruit and vegetable retailing,Salaries and wages/turnover ratio,0.01,0.04,0.07,0.1
Other grocery wholesaling,Salaries and wages/turnover ratio,0.05,0.08,0.08,0.08
Non-store retailing,Salaries and wages/turnover ratio,0,0,0.11,0.11
Floor coverings retailing,Salaries and wages/turnover ratio,0.09,0.15,0.12,0.13
Takeaway food services,Salaries and wages/turnover ratio,0.01,0.07,0.13,0.25
Other specialised food retailing,Salaries and wages/turnover ratio,0.02,0.09,0.15,0.15
Marine equipment retailing,Salaries and wages/turnover ratio,0.03,0.17,0.15,0.12
Non-residential building construction,Salaries and wages/turnover ratio,0.04,0.23,0.15,0.13
Furniture retailing,Salaries and wages/turnover ratio,0.04,0.12,0.15,0.14
Wine and other alcoholic beverage manufacturing,Salaries and wages/turnover ratio,0,0.02,0.16,0.12
Newspaper and book retailing,Salaries and wages/turnover ratio,0.03,0.11,0.16,0.16
Other store-based retailing n.e.c.,Salaries and wages/turnover ratio,0.03,0.12,0.16,0.15
"Electrical, electronic and gas appliance retailing",Salaries and wages/turnover ratio,0.1,0.21,0.16,0.13
Other residential building construction,Salaries and wages/turnover ratio,0,0.15,0.17,0.09
Sport and camping equipment retailing,Salaries and wages/turnover ratio,0.02,0.15,0.17,0.15
"Fresh meat, fish and poultry retailing",Salaries and wages/turnover ratio,0.07,0.12,0.17,0.13
Hardware and building supplies retailing,Salaries and wages/turnover ratio,0.13,0.18,0.17,0.14
Computer and computer peripheral retailing,Salaries and wages/turnover ratio,0,0.21,0.18,0.15
Stationery goods retailing,Salaries and wages/turnover ratio,0,0.17,0.18,0.17
Agricultural and construction machinery wholesaling,Salaries and wages/turnover ratio,0.04,0.17,0.18,0.1
Clothing retailing,Salaries and wages/turnover ratio,0.08,0.15,0.18,0.18
Other electrical and electronic goods wholesaling,Salaries and wages/turnover ratio,0.09,0.17,0.18,0.14
Tyre retailing,Salaries and wages/turnover ratio,0.14,0.19,0.18,0.17
Footwear retailing,Salaries and wages/turnover ratio,0.17,0.17,0.18,0.18
"Pharmaceutical, cosmetic and toiletry goods retailing",Salaries and wages/turnover ratio,0.18,0.19,0.18,0.17
Garden supplies retailing,Salaries and wages/turnover ratio,0.1,0.12,0.19,0.18
House Construction,Salaries and wages/turnover ratio,0,0.22,0.2,0.14
Bakery product manufacturing (Non-factory based),Salaries and wages/turnover ratio,0.04,0.13,0.21,0.33
Watch and jewellery retailing,Salaries and wages/turnover ratio,0.16,0.24,0.24,0.21
Architectural aluminium product manufacturing,Salaries and wages/turnover ratio,0.16,0.27,0.25,0.21
Wooden structural fitting and component manufacturing,Salaries and wages/turnover ratio,0,0.24,0.27,0.27
"Pubs, taverns and bars",Salaries and wages/turnover ratio,0.15,0.24,0.27,0.28
Wood product manufacturing n.e.c.,Salaries and wages/turnover ratio,0.01,0.24,0.29,0.23
Concrete product manufacturing,Salaries and wages/turnover ratio,0.19,0.34,0.29,0.21
Structural metal product manufacturing,Salaries and wages/turnover ratio,0.3,0.26,0.29,0.23
Road and bridge construction,Salaries and wages/turnover ratio,0.07,0.25,0.3,0.2
Fabricated metal product manufacturing n.e.c.,Salaries and wages/turnover ratio,0,0.31,0.32,0.28
Painting and decorating services,Salaries and wages/turnover ratio,0,0.21,0.32,0.39
Nursery production (Outdoors),Salaries and wages/turnover ratio,0.04,0.18,0.33,0.29
Cafes and restaurants,Salaries and wages/turnover ratio,0.19,0.27,0.33,0.34
Preschool education,Salaries and wages/turnover ratio,0.56,0.63,0.63,0.59
Watch and jewellery retailing,Salaries and wages/turnover ratio,0% to 31%,13% to 32%, 19% to 31%,16% to 29%
Non-store retailing,Salaries and wages/turnover ratio,0% to 16%,0% o 15%,0% to 26%,4% to 20%
Other residential building construction,Salaries and wages/turnover ratio,0% to 35%,0% to 37%,0% to 33%,0% to 21%
Supermarket and grocery stores,Salaries and wages/turnover ratio,0% to 7%,0% to 7%,0% to 8%,5% to 11%
Newspaper and book retailing,Salaries and wages/turnover ratio,0% to 15%,4% to 20%,10% to 20%,12% to 20%
Furniture retailing,Salaries and wages/turnover ratio,0% to 22%,7% to 17%,10% to 20%,10% to 17%
Marine equipment retailing,Salaries and wages/turnover ratio,0% to 26%,2% to 26%,10% to 21%,6% to 16%
"Electrical, electronic and gas appliance retailing",Salaries and wages/turnover ratio,0% to 33%,9% to 32%,10% to 23%,10% to 19%
Painting and decorating services,Salaries and wages/turnover ratio,0% to 35%,0% to 45%,10% to 51%,21% to 55%
"Fresh meat, fish and poultry retailing",Salaries and wages/turnover ratio,0% to 20%,8% to 21%,11% to 22%,11% to 17%
Clothing retailing,Salaries and wages/turnover ratio,0% to 24%,5% to 23%,11% to 23%,14% to 23%
Other electrical and electronic goods wholesaling,Salaries and wages/turnover ratio,0% to 33%,4% to 31%,11% to 25%,9% to 21%
Bakery product manufacturing (Non-factory based),Salaries and wages/turnover ratio,0% to 19%,4% to 23%,11% to 32%,23% to 40%
Sport and camping equipment retailing,Salaries and wages/turnover ratio,0% to 23%,7% to 23%,12% to 22%,12% to 17%
Hardware and building supplies retailing,Salaries and wages/turnover ratio,0% to 29%,11% to 24%,13% to 22%,11% to 18%
Agricultural and construction machinery wholesaling,Salaries and wages/turnover ratio,0% to 20%,8% to 25%,13% to 24%,6% to 16%
Garden supplies retailing,Salaries and wages/turnover ratio,0% to 25%,0% to 22%,13% to 24%,15% to 24%
Stationery goods retailing,Salaries and wages/turnover ratio,0% to 9%,4% to 27%,13% to 26%,13% to 21%
"Pharmaceutical, cosmetic and toiletry goods retailing",Salaries and wages/turnover ratio,6% to 24%,16% to 23%,14% to 21%,15% to 20%
Tyre retailing,Salaries and wages/turnover ratio,1% to 24%,13% to 23%,15% to 22%,13% to 21%
Footwear retailing,Salaries and wages/turnover ratio,0% to 22%,9% to 24%,16% to 21%,15% to 21%
Nursery production (Outdoors),Salaries and wages/turnover ratio,0% to 31%,3% to 41%,18% to 43%,17% to 37%
Wooden structural fitting and component manufacturing,Salaries and wages/turnover ratio,0% to 23%,11% to 35%,19% to 34%,19% to 32%
Structural metal product manufacturing,Salaries and wages/turnover ratio,2% to 53%,16% to 40%,19% to 39%,19% to 28%
Wood product manufacturing n.e.c.,Salaries and wages/turnover ratio,0% to 27%,11% to 37%,19% to 41%,17% to 28%
Architectural aluminium product manufacturing,Salaries and wages/turnover ratio,0% to 29%,19% to 34%,20% to 29%,14% to 25%
"Pubs, taverns and bars",Salaries and wages/turnover ratio,0% to 29%,15% to 33%,20% to 33%,22% to 33%
Road and bridge construction,Salaries and wages/turnover ratio,0% to 34%,12% to 40%,21% to 38%,13% to 30%
Fabricated metal product manufacturing n.e.c.,Salaries and wages/turnover ratio,0% to 48%,1% to 55%,21% to 43%,19% to 37%
Concrete product manufacturing,Salaries and wages/turnover ratio,1% to 57%,25% to 43%,23% to 36%,15% to 28%
Cafes and restaurants,Salaries and wages/turnover ratio,3% to 33%,17% to 36%,25% to 40%,28% to 40%
Car retailing,Salaries and wages/turnover ratio,0% to 7%,0% to 12%,3% to 11%,4% to 9%
Fruit and vegetable retailing,Salaries and wages/turnover ratio,0% to 12%,0% to 10%,3% to 12%,7% to 14%
Other grocery wholesaling,Salaries and wages/turnover ratio,0% to 26%,0% to 29%,3% to 15%,4% to 14%
Non-residential building construction,Salaries and wages/turnover ratio,0% to 45%,0% to 38%,3% to 31%,6% to 21%
Fuel retailing,Salaries and wages/turnover ratio,1% to 33%,4% to 11%,3% to 6%,3% to 5%
Wine and other alcoholic beverage manufacturing,Salaries and wages/turnover ratio,0% to 19%,0% to 22%,4% to 29%,4% to 19%
Liquor retailing,Salaries and wages/turnover ratio,0% to 11%,1% to 9%,4% to 9%,5% to 8%
Takeaway food services,Salaries and wages/turnover ratio,0% to 16%,0% to 18%,5% to 24%,17% to 31%
Other specialised food retailing,Salaries and wages/turnover ratio,0% to 20%,0% to 22%,5% to 25%,8% to 22%
House Construction,Salaries and wages/turnover ratio,0% to 44%,0% to 42%,5% to 34%,6% to 24%
Preschool education,Salaries and wages/turnover ratio,32% to 67%,55% to 69%,51% to 70%,48% to 66%
Floor coverings retailing,Salaries and wages/turnover ratio,0% to 19%,8% to 23%,7% to 17%,9% to 17%
Other store-based retailing n.e.c.,Salaries and wages/turnover ratio,0% to 20%,0% to 24%,7% to 25%,8% to 22%
Computer and computer peripheral retailing,Salaries and wages/turnover ratio,0% to 27%,7% to 34%,7% to 27%,7% to 26%
Sport and camping equipment retailing,Sport and camping equipment retailing,0,0,0,0
Stationery goods retailing,Stationery goods retailing,0,0,0,0
Wine and other alcoholic beverage manufacturing,Stock turnover per annum,0 to 1 times,0 to 2 times,0 to 1 times,1 to 3 times
Nursery production (Outdoors),Stock turnover per annum,1 times,1 times,1 times,2 times
Wine and other alcoholic beverage manufacturing,Stock turnover per annum,1 times,1 times,1 times,1 times
Other residential building construction,Stock turnover per annum,n/a,n/a,1 to 11 times,2 to 12 times
Watch and jewellery retailing,Stock turnover per annum,1 to 3 times,1 to 3 times,1 to 2 times,1 to 3 times
Nursery production (Outdoors),Stock turnover per annum,0 to 2 times,0 to 2 times,1 to 3 times,1 to 3 times
Floor coverings retailing,Stock turnover per annum,3 times,13 times,10 times,8 times
"Pharmaceutical, cosmetic and toiletry goods retailing",Stock turnover per annum,7 times,9 times ,10 times,11 times
Supermarket and grocery stores,Stock turnover per annum,5 to 15 times,9 to 19 times,10 to 22 times,11 to 20 times
Tyre retailing,Stock turnover per annum,7 times,9 times,12 times,10 times
Painting and decorating services,Stock turnover per annum,11 times, 18 times,13 times,18 times
Fruit and vegetable retailing,Stock turnover per annum,6 to 49 times,12 to 47 times,13 to 52 times,16 to 63 times
Wooden structural fitting and component manufacturing,Stock turnover per annum,11 times,13 times,14 times,12 times
Architectural aluminium product manufacturing,Stock turnover per annum,8 times,11 times,15 times,15 times
Supermarket and grocery stores,Stock turnover per annum,9 times,13 times,15 times,15 times
Structural metal product manufacturing,Stock turnover per annum,n/a,18 times,15 times,8 times
"Pubs, taverns and bars",Stock turnover per annum,9 to 23 times,12 to 28 times,15 to 29 times,17 to 33 times
Computer and computer peripheral retailing,Stock turnover per annum,4 times,9 times,16 times,11 times
Cafes and restaurants,Stock turnover per annum,10 to 37 times,14 to 43 times,16 to 47 times,20 to 52 times
Takeaway food services,Stock turnover per annum,14 to 47 times,17 to 48 times,18 to 52 times,24 to 56 times
Watch and jewellery retailing,Stock turnover per annum,1 times,1 times,2 times,1 times
Footwear retailing,Stock turnover per annum,2 times,2 times,2 times,2 times
Other residential building construction,Stock turnover per annum,n/a,n/a,2 times,3 times
Non-store retailing,Stock turnover per annum,1 to 7 times,2 to 12 times,2 to 13 times,4 to 31 times
House Construction,Stock turnover per annum,0 to 11 times,0 to 28 times,2 to 26 times,2 to 25 times
Footwear retailing,Stock turnover per annum,1 to 4 times,1 to 3 times,2 to 3 times,2 to 3 times
Non-residential building construction,Stock turnover per annum,1 to 13 times,0 to 28 times,2 to 39 times,5 to 35 times
Sport and camping equipment retailing,Stock turnover per annum,1 to 3 times,1 to 4 times,2 to 4 times,2 to 4 times
Clothing retailing,Stock turnover per annum,1 to 4 times,1 to 4 times,2 to 4 times,2 to 4 times
Hardware and building supplies retailing,Stock turnover per annum,1 to 4 times,2 to 5 times,2 to 5 times,3 to 7 times
Furniture retailing,Stock turnover per annum,1 to 8 times,2 to 6 times,2 to 5 times,3 to 7 times
Other store-based retailing n.e.c.,Stock turnover per annum,1 to 5 times,1 to 5 times,2 to 6 times,2 to 10 times
Wood product manufacturing n.e.c.,Stock turnover per annum,1 to 8 times,2 to 11 times,2 to 7 times,4 to 11 times
Other electrical and electronic goods wholesaling,Stock turnover per annum,1 to 9 times,2 to 9 times,2 to 7 times,2 to 7 times
Agricultural and construction machinery wholesaling,Stock turnover per annum,1 to 5 times,2 to 8 times,2 to 8 times,2 to 6 times
Marine equipment retailing,Stock turnover per annum,n/a,1 to 6 times,2 to 8 times,2 to 5 times
"Pubs, taverns and bars",Stock turnover per annum,15 times,17 times,20 times,24 times
Bakery product manufacturing (Non-factory based),Stock turnover per annum,10 to 33 times,14 to 43 times,21 to 54 times,17 to 52 times
"Fresh meat, fish and poultry retailing",Stock turnover per annum,13 to 55 times,22 to 73 times,25 to 69 times,30 to 70 times
Fuel retailing,Stock turnover per annum,8 to 25 times,18 to 35 times,26 to 46 times,42 to 67 times
Cafes and restaurants,Stock turnover per annum,20 times,25 times,28 times,30 times
Fruit and vegetable retailing,Stock turnover per annum,15 times,24 times,29 times,36 times
Hardware and building supplies retailing,Stock turnover per annum,2 times,3 times,3 times,4 times
Sport and camping equipment retailing,Stock turnover per annum,2 times,2 times,3 times,3 times
Clothing retailing,Stock turnover per annum,2 times,2 times,3 times,3 times
Other store-based retailing n.e.c.,Stock turnover per annum,2 times,2 times,3 times,4 times
Furniture retailing,Stock turnover per annum,3 times,3 times,3 times,4 times
Fabricated metal product manufacturing n.e.c.,Stock turnover per annum,2 to 10 times,2 to 22 times,3 to 21 times,2 to 17 times
Garden supplies retailing,Stock turnover per annum,1 to 6 times,3 to 8 times,3 to 6 times,3 to 7 times
Newspaper and book retailing,Stock turnover per annum,1 to 4 times,2 to 5 times,3 to 7 times,3 to 7 times
Car retailing,Stock turnover per annum,1 to 6 times,2 to 7 times,3 to 8 times,3 to 8 times
Stationery goods retailing,Stock turnover per annum,1 to 6 times,3 to 8 times,3 to 9 times,4 to 12 times
Takeaway food services,Stock turnover per annum,25 times,28 times,31 times,37 times
Bakery product manufacturing (Non-factory based),Stock turnover per annum,19 times,25 times,33 times,29 times
Fuel retailing,Stock turnover per annum,14 times,25 times,35 times,52 times
"Fresh meat, fish and poultry retailing",Stock turnover per annum,26 times,44 times,39 times,50 times
Wood product manufacturing n.e.c.,Stock turnover per annum,2 times,4 times,4 times,6 times
Newspaper and book retailing,Stock turnover per annum,2 times,3 times,4 times,4 times
Other electrical and electronic goods wholesaling,Stock turnover per annum,3 times,4 times,4 times,4 times
Car retailing,Stock turnover per annum,3 times,3 times ,4 times,5 times
Garden supplies retailing,Stock turnover per annum,3 times,4 times,4 times,4 times
Marine equipment retailing,Stock turnover per annum,n/a,3 times,4 times,3 times
Other specialised food retailing,Stock turnover per annum,2 to 10 times,4 to 15 times,4 to 13 times,5 to 16 times
"Electrical, electronic and gas appliance retailing",Stock turnover per annum,2 to 12 times,2 to 10 times,4 to 17 times,4 to 19 times
Other grocery wholesaling,Stock turnover per annum,2 to 18 times,4 to 17 times,4 to 24 times,4 to 20 times
House Construction,Stock turnover per annum,2 times,6 times,5 times,7 times
Agricultural and construction machinery wholesaling,Stock turnover per annum,2 times,4 times,5 times,3 times
Stationery goods retailing,Stock turnover per annum,3 times,4 times,5 times,5 times
Non-store retailing,Stock turnover per annum,3 times,4 times,5 times, 10 times
Liquor retailing,Stock turnover per annum,2 to 9 times,4 to 10 times,5 to 10 times,6 to 11 times
Floor coverings retailing,Stock turnover per annum,1 to 19 times,4 to 22 times,5 to 19 times,5 to 13 times
Concrete product manufacturing,Stock turnover per annum,n/a,2 to 7 times,5 to 19 times,3 to 17 times
Painting and decorating services,Stock turnover per annum,4 to 35 times,6 to 38 times,5 to 31 times,7 to 50 times
"Electrical, electronic and gas appliance retailing",Stock turnover per annum,4 times,4 times,6 times,7 times
Non-residential building construction,Stock turnover per annum,5 times,4 times,6 times,12 times
Structural metal product manufacturing,Stock turnover per annum,n/a,6 to 42 times,6 to 32 times,5 to 35 times
Other specialised food retailing,Stock turnover per annum,4 times,7 times,7 times,7 times
Liquor retailing,Stock turnover per annum,5 times,6 times,7 times,8 times
Concrete product manufacturing,Stock turnover per annum,n/a,3 times,7 times,6 times
"Pharmaceutical, cosmetic and toiletry goods retailing",Stock turnover per annum,4 to 11 times,6 to 12 times,7 to 13 times,8 to 13 times
Tyre retailing,Stock turnover per annum,4 to 14 times,6 to 15 times,7 to 16 times,8 to 16 times
Wooden structural fitting and component manufacturing,Stock turnover per annum,4 to 27 times,6 to 29 times,7 to 29 times,6 to 25 times
Other grocery wholesaling,Stock turnover per annum,6 times,7 times,8 times,8 times
Computer and computer peripheral retailing,Stock turnover per annum,3 to 12 times,3 to 16 times,8 to 23 times,6 to 20 times
Fabricated metal product manufacturing n.e.c.,Stock turnover per annum,5 times,6 times,9 times,7 times
Architectural aluminium product manufacturing,Stock turnover per annum,5 to 15 times,6 to 24 times,9 to 27 times,11 to 29 times
Road and bridge construction,Stock turnover per annum,n/a,n/a,n/a,6 to 45 times
Road and bridge construction,Stock turnover per annum,n/a,n/a,n/a,23 times
Preschool education,Stock turnover per annum,n/a,n/a,n/a,n/a
Preschool education,Stock turnover per annum,n/a,n/a,n/a,n/a
Structural metal product manufacturing,Structural metal product manufacturing,0,0,0,0
Supermarket and grocery stores,Supermarket and grocery stores,0,0,0,0
Takeaway food services,Takeaway food services,0,0,0,0
Tyre retailing,Tyre retailing,0,0,0,0
Watch and jewellery retailing,Watch and jewellery retailing,0,0,0,0
Wine and other alcoholic beverage manufacturing,Wine and other alcoholic beverage manufacturing,0,0,0,0
Wood product manufacturing n.e.c.,Wood product manufacturing n.e.c.,0,0,0,0
Wooden structural fitting and component manufacturing,Wooden structural fitting and component manufacturing,0,0,0,0
,,,,,
,,,,,
Derived from:  http://www.ird.govt.nz/resources/c/3/c3e059804134fe74bf9cfffe04fb91e3/all-industry-benchmarks-2011-2012.xlsx,,,,,
