"Year","TA","Region","GDP","notes"
2000,"Ashburton District","Canterbury",714.880646571761,""
2000,"Auckland","Auckland",40539,""
2000,"Buller District","West Coast",202.176367688229,""
2000,"Carterton District","Wellington",120.911995712625,""
2000,"Central Hawke's Bay District","Hawke's Bay",311.635755426818,""
2000,"Central Otago District","Otago",371.354610769183,""
2000,"Christchurch City","Canterbury",9882.24266941097,""
2000,"Clutha District","Otago",466.755326227805,""
2000,"Dunedin City","Otago",2941.6370561056,""
2000,"Far North District","Northland",916.891295702978,""
2000,"Gisborne District","Gisborne",968,""
2000,"Gore District","Southland",320.846108176369,""
2000,"Grey District","West Coast",308.727141034701,""
2000,"Hamilton City","Waikato",3845.900155963,""
2000,"Hastings District","Hawke's Bay",1817.89989094536,""
2000,"Hauraki District","Waikato",295.56745313516,""
2000,"Horowhenua District","Manawatu-Wanganui",412.377928893327,""
2000,"Hurunui District","Canterbury",146.925370950495,""
2000,"Invercargill City","Southland",1334.92520115027,""
2000,"Kaikoura District","Canterbury",58.7395139494234,""
2000,"Kaipara District","Northland",286.238810070458,""
2000,"Kapiti Coast District","Wellington",358.411948806001,""
2000,"Kawerau District","Bay of Plenty",480.926205427275,""
2000,"Lower Hutt City","Wellington",2710.00180857855,""
2000,"Mackenzie District","Canterbury",90.4825594547586,""
2000,"Manawatu District","Manawatu-Wanganui",409.66208036156,""
2000,"Marlborough District","Marlborough",1005,""
2000,"Masterton District","Wellington",453.307565185531,""
2000,"Matamata-Piako District","Waikato",771.61510294942,""
2000,"Napier City","Hawke's Bay",1205.8479148503,""
2000,"Nelson City","Nelson",1295.17168338138,""
2000,"New Plymouth District","Taranaki",2495.62583468886,""
2000,"Opotiki District","Bay of Plenty",150.824123313895,""
2000,"Otorohanga District","Waikato",217.866788738781,""
2000,"Palmerston North City","Manawatu-Wanganui",2359.3293958255,""
2000,"Porirua City","Wellington",647.422578168881,""
2000,"Queenstown-Lakes District","Otago",608.988570860481,""
2000,"Rangitikei District","Hawke's Bay",37.2980155903208,""
2000,"Rangitikei District","Manawatu-Wanganui",248.116726740112,""
2000,"Rotorua District","Bay of Plenty",1195.07987492046,""
2000,"Rotorua District","Waikato",652.011296283019,""
2000,"Ruapehu District","Manawatu-Wanganui",349.513201440774,""
2000,"Selwyn District","Canterbury",538.379422389395,""
2000,"South Taranaki District","Taranaki",1239.12284574485,""
2000,"South Waikato District","Waikato",699.47287396393,""
2000,"South Wairarapa District","Wellington",157.091968906553,""
2000,"Southland District","Southland",876.228690673364,""
2000,"Stratford District","Manawatu-Wanganui",44.9367755590844,""
2000,"Stratford District","Taranaki",126.251319566291,""
2000,"Tararua District","Manawatu-Wanganui",358.503451188409,""
2000,"Tararua District","Wellington",5.95749522769492,""
2000,"Tasman District","Tasman",746.828316618616,""
2000,"Taupo District","Bay of Plenty",125.785293990606,""
2000,"Taupo District","Hawke's Bay",78.6431863400696,""
2000,"Taupo District","Manawatu-Wanganui",5.10323595755447,""
2000,"Taupo District","Waikato",584.313719551744,""
2000,"Tauranga City","Bay of Plenty",2515.46229809484,""
2000,"Thames-Coromandel District","Waikato",443.856681259207,""
2000,"Timaru District","Canterbury",946.667551434631,""
2000,"Upper Hutt City","Wellington",458.097217691051,""
2000,"Waikato District","Waikato",732.824667799782,""
2000,"Waimakariri District","Canterbury",382.438025431231,""
2000,"Waimate District","Canterbury",108.174326796906,""
2000,"Waipa District","Waikato",718.169136334023,""
2000,"Wairoa District","Hawke's Bay",188.67523684713,""
2000,"Waitaki District","Canterbury",260.069913610425,""
2000,"Waitaki District","Otago",195.264436036933,""
2000,"Waitomo District","Manawatu-Wanganui",12.6069178058358,""
2000,"Waitomo District","Waikato",262.402124021936,""
2000,"Wanganui District","Manawatu-Wanganui",895.85028622784,""
2000,"Wellington City","Wellington",12311.7974217231,""
2000,"Western Bay of Plenty District","Bay of Plenty",582.752097825955,""
2000,"Westland District","West Coast",184.09649127707,""
2000,"Whakatane District","Bay of Plenty",786.170106426964,""
2000,"Whangarei District","Northland",1650.86989422656,""
2001,"Ashburton District","Canterbury",801.993027230717,""
2001,"Auckland","Auckland",41705,""
2001,"Buller District","West Coast",239.574457380929,""
2001,"Carterton District","Wellington",134.645523010852,""
2001,"Central Hawke's Bay District","Hawke's Bay",368.962547461454,""
2001,"Central Otago District","Otago",430.55195201288,""
2001,"Christchurch City","Canterbury",10183.9618686198,""
2001,"Clutha District","Otago",570.666737536309,""
2001,"Dunedin City","Otago",3095.30734291022,""
2001,"Far North District","Northland",997.987587929196,""
2001,"Gisborne District","Gisborne",1014,""
2001,"Gore District","Southland",373.69608076556,""
2001,"Grey District","West Coast",347.95980946968,""
2001,"Hamilton City","Waikato",4151.05483798004,""
2001,"Hastings District","Hawke's Bay",1948.06203181644,""
2001,"Hauraki District","Waikato",329.564024328699,""
2001,"Horowhenua District","Manawatu-Wanganui",457.274782801279,""
2001,"Hurunui District","Canterbury",187.198627786802,""
2001,"Invercargill City","Southland",1496.98574932848,""
2001,"Kaikoura District","Canterbury",67.0801295800784,""
2001,"Kaipara District","Northland",331.371831350754,""
2001,"Kapiti Coast District","Wellington",364.76700815579,""
2001,"Kawerau District","Bay of Plenty",538.264209450526,""
2001,"Lower Hutt City","Wellington",2712.91891783614,""
2001,"Mackenzie District","Canterbury",107.962205369729,""
2001,"Manawatu District","Manawatu-Wanganui",450.092458836986,""
2001,"Marlborough District","Marlborough",1100,""
2001,"Masterton District","Wellington",494.199151391373,""
2001,"Matamata-Piako District","Waikato",918.191995483076,""
2001,"Napier City","Hawke's Bay",1247.42215172891,""
2001,"Nelson City","Nelson",1349.76146178229,""
2001,"New Plymouth District","Taranaki",3005.25319915431,""
2001,"Opotiki District","Bay of Plenty",175.422361391953,""
2001,"Otorohanga District","Waikato",254.043516268333,""
2001,"Palmerston North City","Manawatu-Wanganui",2410.20863833898,""
2001,"Porirua City","Wellington",679.982700723284,""
2001,"Queenstown-Lakes District","Otago",624.059367124216,""
2001,"Rangitikei District","Hawke's Bay",42.8993135888349,""
2001,"Rangitikei District","Manawatu-Wanganui",278.857003725585,""
2001,"Rotorua District","Bay of Plenty",1269.99281566592,""
2001,"Rotorua District","Waikato",722.60020727208,""
2001,"Ruapehu District","Manawatu-Wanganui",445.109390149451,""
2001,"Selwyn District","Canterbury",611.402008653232,""
2001,"South Taranaki District","Taranaki",1537.13652689005,""
2001,"South Waikato District","Waikato",843.196701617608,""
2001,"South Wairarapa District","Wellington",183.456637369277,""
2001,"Southland District","Southland",1077.31816990596,""
2001,"Stratford District","Manawatu-Wanganui",51.4009600158812,""
2001,"Stratford District","Taranaki",154.610273955644,""
2001,"Tararua District","Manawatu-Wanganui",404.262476492959,""
2001,"Tararua District","Wellington",6.6817850158644,""
2001,"Tasman District","Tasman",834.238538217714,""
2001,"Taupo District","Bay of Plenty",139.506555516096,""
2001,"Taupo District","Hawke's Bay",84.4758215123891,""
2001,"Taupo District","Manawatu-Wanganui",5.89698443556001,""
2001,"Taupo District","Waikato",670.939882399927,""
2001,"Tauranga City","Bay of Plenty",2643.37212718996,""
2001,"Thames-Coromandel District","Waikato",475.648483548457,""
2001,"Timaru District","Canterbury",1016.22854239033,""
2001,"Upper Hutt City","Wellington",480.939691531222,""
2001,"Waikato District","Waikato",870.810045548868,""
2001,"Waimakariri District","Canterbury",413.079579160395,""
2001,"Waimate District","Canterbury",121.496846283642,""
2001,"Waipa District","Waikato",875.990787723751,""
2001,"Wairoa District","Hawke's Bay",218.178133891971,""
2001,"Waitaki District","Canterbury",283.597164925295,""
2001,"Waitaki District","Otago",224.414600416372,""
2001,"Waitomo District","Manawatu-Wanganui",14.3652823727756,""
2001,"Waitomo District","Waikato",313.959517829157,""
2001,"Wanganui District","Manawatu-Wanganui",919.532022830547,""
2001,"Wellington City","Wellington",12389.4085849662,""
2001,"Western Bay of Plenty District","Bay of Plenty",660.78043727226,""
2001,"Westland District","West Coast",200.465733149392,""
2001,"Whakatane District","Bay of Plenty",845.661493513282,""
2001,"Whangarei District","Northland",1841.64058072005,""
2002,"Ashburton District","Canterbury",872.233730060249,""
2002,"Auckland","Auckland",44888,""
2002,"Buller District","West Coast",262.047781277909,""
2002,"Carterton District","Wellington",146.410592844503,""
2002,"Central Hawke's Bay District","Hawke's Bay",419.531692482583,""
2002,"Central Otago District","Otago",454.074302149133,""
2002,"Christchurch City","Canterbury",10897.119836809,""
2002,"Clutha District","Otago",621.333883011832,""
2002,"Dunedin City","Otago",3337.1533942165,""
2002,"Far North District","Northland",1080.52191422281,""
2002,"Gisborne District","Gisborne",1058,""
2002,"Gore District","Southland",405.093372993106,""
2002,"Grey District","West Coast",362.020327070756,""
2002,"Hamilton City","Waikato",4472.04069783235,""
2002,"Hastings District","Hawke's Bay",2097.29267029826,""
2002,"Hauraki District","Waikato",357.148717896123,""
2002,"Horowhenua District","Manawatu-Wanganui",466.402142076144,""
2002,"Hurunui District","Canterbury",211.911978963958,""
2002,"Invercargill City","Southland",1571.11816458999,""
2002,"Kaikoura District","Canterbury",77.6103936283334,""
2002,"Kaipara District","Northland",386.94545078289,""
2002,"Kapiti Coast District","Wellington",384.884860671684,""
2002,"Kawerau District","Bay of Plenty",456.978498227859,""
2002,"Lower Hutt City","Wellington",2779.96192778366,""
2002,"Mackenzie District","Canterbury",107.30812085913,""
2002,"Manawatu District","Manawatu-Wanganui",489.781694208515,""
2002,"Marlborough District","Marlborough",1218,""
2002,"Masterton District","Wellington",546.993482326108,""
2002,"Matamata-Piako District","Waikato",1033.10247299641,""
2002,"Napier City","Hawke's Bay",1276.2186037816,""
2002,"Nelson City","Nelson",1447.33365445584,""
2002,"New Plymouth District","Taranaki",3049.72153789275,""
2002,"Opotiki District","Bay of Plenty",188.083206230721,""
2002,"Otorohanga District","Waikato",289.787482437435,""
2002,"Palmerston North City","Manawatu-Wanganui",2573.6075002038,""
2002,"Porirua City","Wellington",724.637003464577,""
2002,"Queenstown-Lakes District","Otago",741.506383688185,""
2002,"Rangitikei District","Hawke's Bay",47.0241401462664,""
2002,"Rangitikei District","Manawatu-Wanganui",306.979543866542,""
2002,"Rotorua District","Bay of Plenty",1364.32878721276,""
2002,"Rotorua District","Waikato",790.230034704586,""
2002,"Ruapehu District","Manawatu-Wanganui",461.312510188846,""
2002,"Selwyn District","Canterbury",677.638775534812,""
2002,"South Taranaki District","Taranaki",1578.4991223018,""
2002,"South Waikato District","Waikato",895.5047302544,""
2002,"South Wairarapa District","Wellington",201.708712352745,""
2002,"Southland District","Southland",1205.78846241691,""
2002,"Stratford District","Manawatu-Wanganui",57.5738759456926,""
2002,"Stratford District","Taranaki",172.779339805451,""
2002,"Tararua District","Manawatu-Wanganui",445.388393005399,""
2002,"Tararua District","Wellington",7.44657601394436,""
2002,"Tasman District","Tasman",932.666345544157,""
2002,"Taupo District","Bay of Plenty",147.413744760588,""
2002,"Taupo District","Hawke's Bay",92.8849366367521,""
2002,"Taupo District","Manawatu-Wanganui",6.26031173000846,""
2002,"Taupo District","Waikato",727.260781575953,""
2002,"Tauranga City","Bay of Plenty",2899.14504307856,""
2002,"Thames-Coromandel District","Waikato",540.900937756209,""
2002,"Timaru District","Canterbury",1071.52787196097,""
2002,"Upper Hutt City","Wellington",507.140935974812,""
2002,"Waikato District","Waikato",970.15051868639,""
2002,"Waimakariri District","Canterbury",437.049952226088,""
2002,"Waimate District","Canterbury",136.967814565665,""
2002,"Waipa District","Waikato",941.571704822747,""
2002,"Wairoa District","Hawke's Bay",232.047956654539,""
2002,"Waitaki District","Canterbury",310.631525391847,""
2002,"Waitaki District","Otago",241.932036934348,""
2002,"Waitomo District","Manawatu-Wanganui",15.8947884423502,""
2002,"Waitomo District","Waikato",348.301921037396,""
2002,"Wanganui District","Manawatu-Wanganui",992.799240332707,""
2002,"Wellington City","Wellington",13398.815908568,""
2002,"Western Bay of Plenty District","Bay of Plenty",718.297924400506,""
2002,"Westland District","West Coast",205.931891651335,""
2002,"Whakatane District","Bay of Plenty",918.752796089003,""
2002,"Whangarei District","Northland",1952.5326349943,""
2003,"Ashburton District","Canterbury",870.949591439272,""
2003,"Auckland","Auckland",49260,""
2003,"Buller District","West Coast",238.016708547227,""
2003,"Carterton District","Wellington",158.073843979442,""
2003,"Central Hawke's Bay District","Hawke's Bay",426.622133883499,""
2003,"Central Otago District","Otago",460.120469767213,""
2003,"Christchurch City","Canterbury",11764.2774094833,""
2003,"Clutha District","Otago",590.615511575405,""
2003,"Dunedin City","Otago",3616.19777630913,""
2003,"Far North District","Northland",1069.90645678206,""
2003,"Gisborne District","Gisborne",1085,""
2003,"Gore District","Southland",389.140451805166,""
2003,"Grey District","West Coast",362.368760243774,""
2003,"Hamilton City","Waikato",4557.29877341704,""
2003,"Hastings District","Hawke's Bay",2243.73766617901,""
2003,"Hauraki District","Waikato",316.068950922345,""
2003,"Horowhenua District","Manawatu-Wanganui",463.724949439977,""
2003,"Hurunui District","Canterbury",208.586410067019,""
2003,"Invercargill City","Southland",1659.78490629226,""
2003,"Kaikoura District","Canterbury",70.5927864683721,""
2003,"Kaipara District","Northland",325.340760818853,""
2003,"Kapiti Coast District","Wellington",409.644601716111,""
2003,"Kawerau District","Bay of Plenty",452.099443025462,""
2003,"Lower Hutt City","Wellington",2867.94782504875,""
2003,"Mackenzie District","Canterbury",111.60933975068,""
2003,"Manawatu District","Manawatu-Wanganui",431.75740355254,""
2003,"Marlborough District","Marlborough",1249,""
2003,"Masterton District","Wellington",564.446570670936,""
2003,"Matamata-Piako District","Waikato",864.067515477097,""
2003,"Napier City","Hawke's Bay",1353.18889740798,""
2003,"Nelson City","Nelson",1513.52068712827,""
2003,"New Plymouth District","Taranaki",3082.77265698891,""
2003,"Opotiki District","Bay of Plenty",183.177631046968,""
2003,"Otorohanga District","Waikato",235.493910401686,""
2003,"Palmerston North City","Manawatu-Wanganui",2729.38533387041,""
2003,"Porirua City","Wellington",760.983558529619,""
2003,"Queenstown-Lakes District","Otago",846.808573340202,""
2003,"Rangitikei District","Hawke's Bay",44.6852022524574,""
2003,"Rangitikei District","Manawatu-Wanganui",284.919453602373,""
2003,"Rotorua District","Bay of Plenty",1382.10884778499,""
2003,"Rotorua District","Waikato",755.092489097289,""
2003,"Ruapehu District","Manawatu-Wanganui",448.60439544289,""
2003,"Selwyn District","Canterbury",676.88177831276,""
2003,"South Taranaki District","Taranaki",1455.70784116035,""
2003,"South Waikato District","Waikato",831.050354366243,""
2003,"South Wairarapa District","Wellington",177.670667204547,""
2003,"Southland District","Southland",1053.07464190257,""
2003,"Stratford District","Manawatu-Wanganui",49.2136711668211,""
2003,"Stratford District","Taranaki",133.519501850735,""
2003,"Tararua District","Manawatu-Wanganui",399.630450858057,""
2003,"Tararua District","Wellington",7.03487680572817,""
2003,"Tasman District","Tasman",961.479312871731,""
2003,"Taupo District","Bay of Plenty",151.754510848986,""
2003,"Taupo District","Hawke's Bay",94.6799326877287,""
2003,"Taupo District","Manawatu-Wanganui",6.51875517670056,""
2003,"Taupo District","Waikato",712.0308754274,""
2003,"Tauranga City","Bay of Plenty",3106.7903269649,""
2003,"Thames-Coromandel District","Waikato",546.101604808125,""
2003,"Timaru District","Canterbury",1180.78978241727,""
2003,"Upper Hutt City","Wellington",516.266876462066,""
2003,"Waikato District","Waikato",935.081352875058,""
2003,"Waimakariri District","Canterbury",465.0444016065,""
2003,"Waimate District","Canterbury",134.563214206329,""
2003,"Waipa District","Waikato",878.410467912941,""
2003,"Wairoa District","Hawke's Bay",238.086167589326,""
2003,"Waitaki District","Canterbury",310.705286248527,""
2003,"Waitaki District","Otago",241.257669008055,""
2003,"Waitomo District","Manawatu-Wanganui",15.1894553097247,""
2003,"Waitomo District","Waikato",326.303705294779,""
2003,"Wanganui District","Manawatu-Wanganui",1019.05613158051,""
2003,"Wellington City","Wellington",14110.9311795828,""
2003,"Western Bay of Plenty District","Bay of Plenty",722.67436975698,""
2003,"Westland District","West Coast",200.614531208999,""
2003,"Whakatane District","Bay of Plenty",894.394870571721,""
2003,"Whangarei District","Northland",1921.75278239909,""
2004,"Ashburton District","Canterbury",948.83551814225,""
2004,"Auckland","Auckland",53178,""
2004,"Buller District","West Coast",272.777658534069,""
2004,"Carterton District","Wellington",178.392347185411,""
2004,"Central Hawke's Bay District","Hawke's Bay",434.412279527175,""
2004,"Central Otago District","Otago",525.01381582147,""
2004,"Christchurch City","Canterbury",12755.113135045,""
2004,"Clutha District","Otago",596.800236816625,""
2004,"Dunedin City","Otago",3844.95520252008,""
2004,"Far North District","Northland",1172.42530470052,""
2004,"Gisborne District","Gisborne",1098,""
2004,"Gore District","Southland",402.392432810173,""
2004,"Grey District","West Coast",393.175602322171,""
2004,"Hamilton City","Waikato",5030.15258053532,""
2004,"Hastings District","Hawke's Bay",2410.92021645281,""
2004,"Hauraki District","Waikato",342.276055860787,""
2004,"Horowhenua District","Manawatu-Wanganui",495.431699358816,""
2004,"Hurunui District","Canterbury",222.300503182618,""
2004,"Invercargill City","Southland",1703.11120331651,""
2004,"Kaikoura District","Canterbury",79.0518739049571,""
2004,"Kaipara District","Northland",346.878669296674,""
2004,"Kapiti Coast District","Wellington",449.326584968578,""
2004,"Kawerau District","Bay of Plenty",421.106352282089,""
2004,"Lower Hutt City","Wellington",2941.28568880317,""
2004,"Mackenzie District","Canterbury",115.829884074476,""
2004,"Manawatu District","Manawatu-Wanganui",484.296278744418,""
2004,"Marlborough District","Marlborough",1374,""
2004,"Masterton District","Wellington",595.134903803877,""
2004,"Matamata-Piako District","Waikato",978.441888875782,""
2004,"Napier City","Hawke's Bay",1469.62847983724,""
2004,"Nelson City","Nelson",1597.50696164295,""
2004,"New Plymouth District","Taranaki",3085.03102546596,""
2004,"Opotiki District","Bay of Plenty",187.304640945762,""
2004,"Otorohanga District","Waikato",248.539255524397,""
2004,"Palmerston North City","Manawatu-Wanganui",2931.89269686968,""
2004,"Porirua City","Wellington",796.87834851777,""
2004,"Queenstown-Lakes District","Otago",954.840683143614,""
2004,"Rangitikei District","Hawke's Bay",42.322851481167,""
2004,"Rangitikei District","Manawatu-Wanganui",271.84970700782,""
2004,"Rotorua District","Bay of Plenty",1440.48726547525,""
2004,"Rotorua District","Waikato",828.523599226826,""
2004,"Ruapehu District","Manawatu-Wanganui",458.707626256114,""
2004,"Selwyn District","Canterbury",709.357717096434,""
2004,"South Taranaki District","Taranaki",1425.57348896523,""
2004,"South Waikato District","Waikato",817.738518381198,""
2004,"South Wairarapa District","Wellington",188.234003273122,""
2004,"Southland District","Southland",1117.49636387331,""
2004,"Stratford District","Manawatu-Wanganui",54.2093977475382,""
2004,"Stratford District","Taranaki",145.395485568818,""
2004,"Tararua District","Manawatu-Wanganui",427.667752745915,""
2004,"Tararua District","Wellington",7.38828587300691,""
2004,"Tasman District","Tasman",1073.49303835705,""
2004,"Taupo District","Bay of Plenty",158.069935489049,""
2004,"Taupo District","Hawke's Bay",99.8739571412077,""
2004,"Taupo District","Manawatu-Wanganui",6.94874103047587,""
2004,"Taupo District","Waikato",753.345433390526,""
2004,"Tauranga City","Bay of Plenty",3426.10088596969,""
2004,"Thames-Coromandel District","Waikato",610.999057803713,""
2004,"Timaru District","Canterbury",1266.36368325788,""
2004,"Upper Hutt City","Wellington",516.301393041242,""
2004,"Waikato District","Waikato",975.025704225841,""
2004,"Waimakariri District","Canterbury",494.654375296366,""
2004,"Waimate District","Canterbury",138.286003958044,""
2004,"Waipa District","Waikato",956.673537473176,""
2004,"Wairoa District","Hawke's Bay",244.842215560402,""
2004,"Waitaki District","Canterbury",334.207306041993,""
2004,"Waitaki District","Otago",249.390061698209,""
2004,"Waitomo District","Manawatu-Wanganui",16.81805235424,""
2004,"Waitomo District","Waikato",340.284368702433,""
2004,"Wanganui District","Manawatu-Wanganui",1076.17804788499,""
2004,"Wellington City","Wellington",14805.0584445338,""
2004,"Western Bay of Plenty District","Bay of Plenty",759.595777513609,""
2004,"Westland District","West Coast",215.04673914376,""
2004,"Whakatane District","Bay of Plenty",939.33514232455,""
2004,"Whangarei District","Northland",2050.69602600281,""
2005,"Ashburton District","Canterbury",1007.01266706476,""
2005,"Auckland","Auckland",57355,""
2005,"Buller District","West Coast",262.004244314313,""
2005,"Carterton District","Wellington",197.027246347581,""
2005,"Central Hawke's Bay District","Hawke's Bay",461.897038558867,""
2005,"Central Otago District","Otago",545.934201756033,""
2005,"Christchurch City","Canterbury",13982.9510870128,""
2005,"Clutha District","Otago",629.19064730313,""
2005,"Dunedin City","Otago",4129.3435797014,""
2005,"Far North District","Northland",1269.37764699021,""
2005,"Gisborne District","Gisborne",1156,""
2005,"Gore District","Southland",406.518744810963,""
2005,"Grey District","West Coast",435.270436546946,""
2005,"Hamilton City","Waikato",5418.26757154362,""
2005,"Hastings District","Hawke's Bay",2590.2749700913,""
2005,"Hauraki District","Waikato",351.73649257205,""
2005,"Horowhenua District","Manawatu-Wanganui",547.141285845362,""
2005,"Hurunui District","Canterbury",232.543351239587,""
2005,"Invercargill City","Southland",1668.47163347639,""
2005,"Kaikoura District","Canterbury",89.9603988031633,""
2005,"Kaipara District","Northland",377.491699212332,""
2005,"Kapiti Coast District","Wellington",503.316469384506,""
2005,"Kawerau District","Bay of Plenty",467.826152864261,""
2005,"Lower Hutt City","Wellington",3226.04829134607,""
2005,"Mackenzie District","Canterbury",135.226141998583,""
2005,"Manawatu District","Manawatu-Wanganui",526.83635842697,""
2005,"Marlborough District","Marlborough",1455,""
2005,"Masterton District","Wellington",627.673227283019,""
2005,"Matamata-Piako District","Waikato",1030.68415308023,""
2005,"Napier City","Hawke's Bay",1594.71504344508,""
2005,"Nelson City","Nelson",1751.45710249042,""
2005,"New Plymouth District","Taranaki",3100.0909960123,""
2005,"Opotiki District","Bay of Plenty",200.263730217816,""
2005,"Otorohanga District","Waikato",258.515088587526,""
2005,"Palmerston North City","Manawatu-Wanganui",3132.78715205659,""
2005,"Porirua City","Wellington",844.607336473798,""
2005,"Queenstown-Lakes District","Otago",1101.07324449515,""
2005,"Rangitikei District","Hawke's Bay",47.7430248245142,""
2005,"Rangitikei District","Manawatu-Wanganui",300.881830104027,""
2005,"Rotorua District","Bay of Plenty",1487.5736115906,""
2005,"Rotorua District","Waikato",856.011969511264,""
2005,"Ruapehu District","Manawatu-Wanganui",425.528284133546,""
2005,"Selwyn District","Canterbury",776.145413375013,""
2005,"South Taranaki District","Taranaki",1447.82619209851,""
2005,"South Waikato District","Waikato",841.193806275164,""
2005,"South Wairarapa District","Wellington",194.863884442531,""
2005,"Southland District","Southland",1127.00962171265,""
2005,"Stratford District","Manawatu-Wanganui",55.7212570277837,""
2005,"Stratford District","Taranaki",142.08281188919,""
2005,"Tararua District","Manawatu-Wanganui",458.552830908808,""
2005,"Tararua District","Wellington",7.99475641674903,""
2005,"Tasman District","Tasman",1115.54289750958,""
2005,"Taupo District","Bay of Plenty",166.359093026468,""
2005,"Taupo District","Hawke's Bay",109.527441757299,""
2005,"Taupo District","Manawatu-Wanganui",7.04290944867004,""
2005,"Taupo District","Waikato",773.411026847542,""
2005,"Tauranga City","Bay of Plenty",3697.33880951221,""
2005,"Thames-Coromandel District","Waikato",641.20401409263,""
2005,"Timaru District","Canterbury",1408.40237267245,""
2005,"Upper Hutt City","Wellington",558.222557487037,""
2005,"Waikato District","Waikato",1021.6226596054,""
2005,"Waimakariri District","Canterbury",542.74128037602,""
2005,"Waimate District","Canterbury",139.12766614538,""
2005,"Waipa District","Waikato",1021.61595883335,""
2005,"Wairoa District","Hawke's Bay",250.842481322941,""
2005,"Waitaki District","Canterbury",356.889621312276,""
2005,"Waitaki District","Otago",272.45832674429,""
2005,"Waitomo District","Manawatu-Wanganui",17.5874098961137,""
2005,"Waitomo District","Waikato",355.737259051221,""
2005,"Wanganui District","Manawatu-Wanganui",1147.92068215213,""
2005,"Wellington City","Wellington",15345.2462308187,""
2005,"Western Bay of Plenty District","Bay of Plenty",799.464141677092,""
2005,"Westland District","West Coast",231.725319138741,""
2005,"Whakatane District","Bay of Plenty",1043.17446111156,""
2005,"Whangarei District","Northland",2295.13065379745,""
2006,"Ashburton District","Canterbury",995.334550462802,""
2006,"Auckland","Auckland",60175,""
2006,"Buller District","West Coast",290.451961611159,""
2006,"Carterton District","Wellington",173.951664362536,""
2006,"Central Hawke's Bay District","Hawke's Bay",425.159622034152,""
2006,"Central Otago District","Otago",632.514417572519,""
2006,"Christchurch City","Canterbury",14990.7582744071,""
2006,"Clutha District","Otago",558.140217973746,""
2006,"Dunedin City","Otago",4334.46031465752,""
2006,"Far North District","Northland",1323.68016722943,""
2006,"Gisborne District","Gisborne",1172,""
2006,"Gore District","Southland",417.587000897125,""
2006,"Grey District","West Coast",538.273313738482,""
2006,"Hamilton City","Waikato",5934.59603769505,""
2006,"Hastings District","Hawke's Bay",2662.5538194582,""
2006,"Hauraki District","Waikato",357.300485531789,""
2006,"Horowhenua District","Manawatu-Wanganui",618.151248504199,""
2006,"Hurunui District","Canterbury",240.614279314643,""
2006,"Invercargill City","Southland",1829.44088140089,""
2006,"Kaikoura District","Canterbury",92.4332560928486,""
2006,"Kaipara District","Northland",414.464723762863,""
2006,"Kapiti Coast District","Wellington",538.902695895024,""
2006,"Kawerau District","Bay of Plenty",426.087852358412,""
2006,"Lower Hutt City","Wellington",3496.61494695689,""
2006,"Mackenzie District","Canterbury",124.594172670762,""
2006,"Manawatu District","Manawatu-Wanganui",539.345154379131,""
2006,"Marlborough District","Marlborough",1541,""
2006,"Masterton District","Wellington",635.70102106373,""
2006,"Matamata-Piako District","Waikato",1111.86954606262,""
2006,"Napier City","Hawke's Bay",1706.22651231315,""
2006,"Nelson City","Nelson",1761.34771610016,""
2006,"New Plymouth District","Taranaki",3354.88591719537,""
2006,"Opotiki District","Bay of Plenty",207.025363282417,""
2006,"Otorohanga District","Waikato",258.492764465939,""
2006,"Palmerston North City","Manawatu-Wanganui",3436.21630458222,""
2006,"Porirua City","Wellington",922.287392889553,""
2006,"Queenstown-Lakes District","Otago",1169.98347200483,""
2006,"Rangitikei District","Hawke's Bay",48.6106145844552,""
2006,"Rangitikei District","Manawatu-Wanganui",309.926472536537,""
2006,"Rotorua District","Bay of Plenty",1567.47182056987,""
2006,"Rotorua District","Waikato",903.600891585022,""
2006,"Ruapehu District","Manawatu-Wanganui",448.870049260681,""
2006,"Selwyn District","Canterbury",787.56799577287,""
2006,"South Taranaki District","Taranaki",1368.5584651593,""
2006,"South Waikato District","Waikato",861.575600461821,""
2006,"South Wairarapa District","Wellington",202.024220206132,""
2006,"Southland District","Southland",1162.97211770199,""
2006,"Stratford District","Manawatu-Wanganui",56.8422316911253,""
2006,"Stratford District","Taranaki",143.555617645329,""
2006,"Tararua District","Manawatu-Wanganui",475.740263127883,""
2006,"Tararua District","Wellington",7.94252967098954,""
2006,"Tasman District","Tasman",1098.65228389984,""
2006,"Taupo District","Bay of Plenty",177.76555509698,""
2006,"Taupo District","Hawke's Bay",114.173062959592,""
2006,"Taupo District","Manawatu-Wanganui",8.11300756543282,""
2006,"Taupo District","Waikato",835.165861005473,""
2006,"Tauranga City","Bay of Plenty",3977.91767139797,""
2006,"Thames-Coromandel District","Waikato",670.520636778396,""
2006,"Timaru District","Canterbury",1407.27308979115,""
2006,"Upper Hutt City","Wellington",615.79946145314,""
2006,"Waikato District","Waikato",1111.29474227548,""
2006,"Waimakariri District","Canterbury",556.726882247499,""
2006,"Waimate District","Canterbury",130.312632341457,""
2006,"Waipa District","Waikato",1089.8173364531,""
2006,"Wairoa District","Hawke's Bay",233.276368650446,""
2006,"Waitaki District","Canterbury",371.384866898885,""
2006,"Waitaki District","Otago",272.901577791393,""
2006,"Waitomo District","Manawatu-Wanganui",18.5279122159826,""
2006,"Waitomo District","Waikato",357.76609768531,""
2006,"Wanganui District","Manawatu-Wanganui",1191.26735613681,""
2006,"Wellington City","Wellington",16252.776067502,""
2006,"Western Bay of Plenty District","Bay of Plenty",829.047030940308,""
2006,"Westland District","West Coast",251.274724650359,""
2006,"Whakatane District","Bay of Plenty",1075.68470635404,""
2006,"Whangarei District","Northland",2539.85510900771,""
2007,"Ashburton District","Canterbury",1092.71020322773,""
2007,"Auckland","Auckland",62362,""
2007,"Buller District","West Coast",336.78959029474,""
2007,"Carterton District","Wellington",166.564626422093,""
2007,"Central Hawke's Bay District","Hawke's Bay",398.628221773972,""
2007,"Central Otago District","Otago",666.493825979254,""
2007,"Christchurch City","Canterbury",15933.5880511677,""
2007,"Clutha District","Otago",610.238006481982,""
2007,"Dunedin City","Otago",4520.31875477753,""
2007,"Far North District","Northland",1463.98760654665,""
2007,"Gisborne District","Gisborne",1285,""
2007,"Gore District","Southland",438.166784156583,""
2007,"Grey District","West Coast",549.952757515022,""
2007,"Hamilton City","Waikato",6528.83514619018,""
2007,"Hastings District","Hawke's Bay",2822.18053410099,""
2007,"Hauraki District","Waikato",390.389438891821,""
2007,"Horowhenua District","Manawatu-Wanganui",559.400052202302,""
2007,"Hurunui District","Canterbury",270.537770989838,""
2007,"Invercargill City","Southland",1939.15005853615,""
2007,"Kaikoura District","Canterbury",99.9726297806567,""
2007,"Kaipara District","Northland",478.827419415547,""
2007,"Kapiti Coast District","Wellington",580.596970273116,""
2007,"Kawerau District","Bay of Plenty",436.229834925558,""
2007,"Lower Hutt City","Wellington",3681.88111763359,""
2007,"Mackenzie District","Canterbury",140.168932420878,""
2007,"Manawatu District","Manawatu-Wanganui",566.103426377405,""
2007,"Marlborough District","Marlborough",1698,""
2007,"Masterton District","Wellington",655.02580742406,""
2007,"Matamata-Piako District","Waikato",1268.62666098944,""
2007,"Napier City","Hawke's Bay",1698.29663563646,""
2007,"Nelson City","Nelson",1872.7291336442,""
2007,"New Plymouth District","Taranaki",4089.88833004438,""
2007,"Opotiki District","Bay of Plenty",239.408547282534,""
2007,"Otorohanga District","Waikato",286.675226927698,""
2007,"Palmerston North City","Manawatu-Wanganui",3572.61885758213,""
2007,"Porirua City","Wellington",1020.67695608613,""
2007,"Queenstown-Lakes District","Otago",1227.3951719126,""
2007,"Rangitikei District","Hawke's Bay",52.0081573692237,""
2007,"Rangitikei District","Manawatu-Wanganui",324.23625368475,""
2007,"Rotorua District","Bay of Plenty",1688.51874277833,""
2007,"Rotorua District","Waikato",984.514119442432,""
2007,"Ruapehu District","Manawatu-Wanganui",441.632954577999,""
2007,"Selwyn District","Canterbury",874.566640927406,""
2007,"South Taranaki District","Taranaki",1470.56790186868,""
2007,"South Waikato District","Waikato",865.933596193605,""
2007,"South Wairarapa District","Wellington",190.899803095043,""
2007,"Southland District","Southland",1246.68315730727,""
2007,"Stratford District","Manawatu-Wanganui",62.5623855489729,""
2007,"Stratford District","Taranaki",180.543768086947,""
2007,"Tararua District","Manawatu-Wanganui",473.724316561819,""
2007,"Tararua District","Wellington",8.21901998462496,""
2007,"Tasman District","Tasman",1213.2708663558,""
2007,"Taupo District","Bay of Plenty",195.292182958968,""
2007,"Taupo District","Hawke's Bay",130.976298354499,""
2007,"Taupo District","Manawatu-Wanganui",8.75524948114805,""
2007,"Taupo District","Waikato",973.095530883807,""
2007,"Tauranga City","Bay of Plenty",4362.75686695822,""
2007,"Thames-Coromandel District","Waikato",697.982228484336,""
2007,"Timaru District","Canterbury",1525.77872919685,""
2007,"Upper Hutt City","Wellington",650.524552862804,""
2007,"Waikato District","Waikato",1276.0395336809,""
2007,"Waimakariri District","Canterbury",610.865780176553,""
2007,"Waimate District","Canterbury",147.714303102104,""
2007,"Waipa District","Waikato",1241.37686007122,""
2007,"Wairoa District","Hawke's Bay",243.910152764848,""
2007,"Waitaki District","Canterbury",394.096959010323,""
2007,"Waitaki District","Otago",282.554240848628,""
2007,"Waitomo District","Manawatu-Wanganui",17.9064826688668,""
2007,"Waitomo District","Waikato",392.53165824457,""
2007,"Wanganui District","Manawatu-Wanganui",1217.06002131461,""
2007,"Wellington City","Wellington",16567.6111462185,""
2007,"Western Bay of Plenty District","Bay of Plenty",951.692154705551,""
2007,"Westland District","West Coast",279.257652190238,""
2007,"Whakatane District","Bay of Plenty",1158.10167039083,""
2007,"Whangarei District","Northland",2760.1849740378,""
2008,"Ashburton District","Canterbury",1360.06080791315,""
2008,"Auckland","Auckland",66872,""
2008,"Buller District","West Coast",431.67835052023,""
2008,"Carterton District","Wellington",198.650010541784,""
2008,"Central Hawke's Bay District","Hawke's Bay",380.382693374417,""
2008,"Central Otago District","Otago",729.33472362278,""
2008,"Christchurch City","Canterbury",16788.110431562,""
2008,"Clutha District","Otago",713.530108820366,""
2008,"Dunedin City","Otago",4758.33594322931,""
2008,"Far North District","Northland",1582.87910551917,""
2008,"Gisborne District","Gisborne",1331,""
2008,"Gore District","Southland",464.805461118927,""
2008,"Grey District","West Coast",614.730273499887,""
2008,"Hamilton City","Waikato",6726.13973961181,""
2008,"Hastings District","Hawke's Bay",2754.53412339575,""
2008,"Hauraki District","Waikato",460.664253721218,""
2008,"Horowhenua District","Manawatu-Wanganui",605.059971771203,""
2008,"Hurunui District","Canterbury",310.108544909525,""
2008,"Invercargill City","Southland",2141.13415293282,""
2008,"Kaikoura District","Canterbury",110.079755695734,""
2008,"Kaipara District","Northland",472.945584753734,""
2008,"Kapiti Coast District","Wellington",609.230940198665,""
2008,"Kawerau District","Bay of Plenty",489.330690189371,""
2008,"Lower Hutt City","Wellington",3808.34425861358,""
2008,"Mackenzie District","Canterbury",141.833037432376,""
2008,"Manawatu District","Manawatu-Wanganui",658.369482078832,""
2008,"Marlborough District","Marlborough",1923,""
2008,"Masterton District","Wellington",713.367540186689,""
2008,"Matamata-Piako District","Waikato",1396.74307449096,""
2008,"Napier City","Hawke's Bay",1671.561432603,""
2008,"Nelson City","Nelson",1992.60874370507,""
2008,"New Plymouth District","Taranaki",6139.40671621679,""
2008,"Opotiki District","Bay of Plenty",266.069094768892,""
2008,"Otorohanga District","Waikato",395.994509796144,""
2008,"Palmerston North City","Manawatu-Wanganui",3775.90718258767,""
2008,"Porirua City","Wellington",1097.66212318727,""
2008,"Queenstown-Lakes District","Otago",1301.08833451026,""
2008,"Rangitikei District","Hawke's Bay",52.0090788591726,""
2008,"Rangitikei District","Manawatu-Wanganui",372.868387638664,""
2008,"Rotorua District","Bay of Plenty",1814.61850986484,""
2008,"Rotorua District","Waikato",1039.61335596834,""
2008,"Ruapehu District","Manawatu-Wanganui",510.20822952632,""
2008,"Selwyn District","Canterbury",1010.79105202994,""
2008,"South Taranaki District","Taranaki",1914.97635480609,""
2008,"South Waikato District","Waikato",907.116414059891,""
2008,"South Wairarapa District","Wellington",216.14589269945,""
2008,"Southland District","Southland",1570.06038594825,""
2008,"Stratford District","Manawatu-Wanganui",77.4102590675877,""
2008,"Stratford District","Taranaki",249.616928977122,""
2008,"Tararua District","Manawatu-Wanganui",534.682485618428,""
2008,"Tararua District","Wellington",9.21932564086622,""
2008,"Tasman District","Tasman",1303.39125629493,""
2008,"Taupo District","Bay of Plenty",211.149056834899,""
2008,"Taupo District","Hawke's Bay",133.161732330623,""
2008,"Taupo District","Manawatu-Wanganui",9.31986681179584,""
2008,"Taupo District","Waikato",1013.00823896214,""
2008,"Tauranga City","Bay of Plenty",4660.8927641105,""
2008,"Thames-Coromandel District","Waikato",753.780364807299,""
2008,"Timaru District","Canterbury",1623.10469482336,""
2008,"Upper Hutt City","Wellington",698.846550980183,""
2008,"Waikato District","Waikato",1405.67940792014,""
2008,"Waimakariri District","Canterbury",667.3645781105,""
2008,"Waimate District","Canterbury",200.435817026756,""
2008,"Waipa District","Waikato",1316.13470693783,""
2008,"Wairoa District","Hawke's Bay",239.350939437033,""
2008,"Waitaki District","Canterbury",449.11128049671,""
2008,"Waitaki District","Otago",322.710889817285,""
2008,"Waitomo District","Manawatu-Wanganui",20.9723910254006,""
2008,"Waitomo District","Waikato",436.125933724222,""
2008,"Wanganui District","Manawatu-Wanganui",1305.2017438741,""
2008,"Wellington City","Wellington",18011.5333579515,""
2008,"Western Bay of Plenty District","Bay of Plenty",1068.78584181249,""
2008,"Westland District","West Coast",313.591375979883,""
2008,"Whakatane District","Bay of Plenty",1271.15404241901,""
2008,"Whangarei District","Northland",2939.1753097271,""
2009,"Ashburton District","Canterbury",1336.11613566611,""
2009,"Auckland","Auckland",66084,""
2009,"Buller District","West Coast",500.163477894876,""
2009,"Carterton District","Wellington",191.015890190733,""
2009,"Central Hawke's Bay District","Hawke's Bay",389.262174800034,""
2009,"Central Otago District","Otago",764.293080555252,""
2009,"Christchurch City","Canterbury",17262.6141927563,""
2009,"Clutha District","Otago",695.770072192258,""
2009,"Dunedin City","Otago",4917.2814598533,""
2009,"Far North District","Northland",1584.61994333001,""
2009,"Gisborne District","Gisborne",1410,""
2009,"Gore District","Southland",512.079069337863,""
2009,"Grey District","West Coast",658.266871054668,""
2009,"Hamilton City","Waikato",7186.52450493644,""
2009,"Hastings District","Hawke's Bay",2897.54714821846,""
2009,"Hauraki District","Waikato",457.821780265631,""
2009,"Horowhenua District","Manawatu-Wanganui",568.050983867923,""
2009,"Hurunui District","Canterbury",320.874283799004,""
2009,"Invercargill City","Southland",2360.77337932379,""
2009,"Kaikoura District","Canterbury",109.550155291429,""
2009,"Kaipara District","Northland",487.149642070004,""
2009,"Kapiti Coast District","Wellington",627.882597491371,""
2009,"Kawerau District","Bay of Plenty",400.654101314964,""
2009,"Lower Hutt City","Wellington",3779.68389229195,""
2009,"Mackenzie District","Canterbury",166.014897305722,""
2009,"Manawatu District","Manawatu-Wanganui",612.304733949924,""
2009,"Marlborough District","Marlborough",1989,""
2009,"Masterton District","Wellington",734.532639616023,""
2009,"Matamata-Piako District","Waikato",1674.71015126619,""
2009,"Napier City","Hawke's Bay",1720.05451724831,""
2009,"Nelson City","Nelson",2062.38034330314,""
2009,"New Plymouth District","Taranaki",6333.29668885587,""
2009,"Opotiki District","Bay of Plenty",243.034256941537,""
2009,"Otorohanga District","Waikato",328.236676093469,""
2009,"Palmerston North City","Manawatu-Wanganui",3773.90910238781,""
2009,"Porirua City","Wellington",1133.74290087055,""
2009,"Queenstown-Lakes District","Otago",1360.5923335701,""
2009,"Rangitikei District","Hawke's Bay",57.3477270349811,""
2009,"Rangitikei District","Manawatu-Wanganui",383.82127327927,""
2009,"Rotorua District","Bay of Plenty",1708.59754578524,""
2009,"Rotorua District","Waikato",1035.54470530572,""
2009,"Ruapehu District","Manawatu-Wanganui",525.362731826529,""
2009,"Selwyn District","Canterbury",1000.88477861278,""
2009,"South Taranaki District","Taranaki",2052.21623740144,""
2009,"South Waikato District","Waikato",909.283320818332,""
2009,"South Wairarapa District","Wellington",202.894477166233,""
2009,"Southland District","Southland",1580.14755133834,""
2009,"Stratford District","Manawatu-Wanganui",70.0378692459778,""
2009,"Stratford District","Taranaki",208.487073742696,""
2009,"Tararua District","Manawatu-Wanganui",493.192524901491,""
2009,"Tararua District","Wellington",8.86391379067278,""
2009,"Tasman District","Tasman",1333.61965669686,""
2009,"Taupo District","Bay of Plenty",202.459260334068,""
2009,"Taupo District","Hawke's Bay",131.471066467328,""
2009,"Taupo District","Manawatu-Wanganui",9.02385658023358,""
2009,"Taupo District","Waikato",1038.20651316403,""
2009,"Tauranga City","Bay of Plenty",4747.70555458012,""
2009,"Thames-Coromandel District","Waikato",750.891174759519,""
2009,"Timaru District","Canterbury",1810.77430659912,""
2009,"Upper Hutt City","Wellington",671.992704237481,""
2009,"Waikato District","Waikato",1469.16976589171,""
2009,"Waimakariri District","Canterbury",672.794878429377,""
2009,"Waimate District","Canterbury",193.8583082677,""
2009,"Waipa District","Waikato",1382.30411028357,""
2009,"Wairoa District","Hawke's Bay",256.317366230879,""
2009,"Waitaki District","Canterbury",487.51806327245,""
2009,"Waitaki District","Otago",351.063053829088,""
2009,"Waitomo District","Manawatu-Wanganui",20.9045408685852,""
2009,"Waitomo District","Waikato",471.307297215388,""
2009,"Wanganui District","Manawatu-Wanganui",1287.39238309226,""
2009,"Wellington City","Wellington",18747.390984345,""
2009,"Western Bay of Plenty District","Bay of Plenty",1052.4970955022,""
2009,"Westland District","West Coast",341.569651050456,""
2009,"Whakatane District","Bay of Plenty",1284.05218554187,""
2009,"Whangarei District","Northland",3033.23041459998,""
2010,"Ashburton District","Canterbury",1473.59422745263,""
2010,"Auckland","Auckland",68458,""
2010,"Buller District","West Coast",458.199439344867,""
2010,"Carterton District","Wellington",271.487355096255,""
2010,"Central Hawke's Bay District","Hawke's Bay",417.665069226365,""
2010,"Central Otago District","Otago",777.493723694755,""
2010,"Christchurch City","Canterbury",17396.0170021484,""
2010,"Clutha District","Otago",796.238246535151,""
2010,"Dunedin City","Otago",5017.39486933336,""
2010,"Far North District","Northland",1598.89065361598,""
2010,"Gisborne District","Gisborne",1446,""
2010,"Gore District","Southland",547.707557140613,""
2010,"Grey District","West Coast",663.696936744167,""
2010,"Hamilton City","Waikato",7082.43367971289,""
2010,"Hastings District","Hawke's Bay",2907.73630482615,""
2010,"Hauraki District","Waikato",470.964444987019,""
2010,"Horowhenua District","Manawatu-Wanganui",586.448391287423,""
2010,"Hurunui District","Canterbury",359.23736950242,""
2010,"Invercargill City","Southland",2288.98811350811,""
2010,"Kaikoura District","Canterbury",110.666301431134,""
2010,"Kaipara District","Northland",478.880877153562,""
2010,"Kapiti Coast District","Wellington",636.057911583426,""
2010,"Kawerau District","Bay of Plenty",443.984207137276,""
2010,"Lower Hutt City","Wellington",3852.97339853957,""
2010,"Mackenzie District","Canterbury",184.936210970653,""
2010,"Manawatu District","Manawatu-Wanganui",681.868169264135,""
2010,"Marlborough District","Marlborough",1926,""
2010,"Masterton District","Wellington",731.420264518269,""
2010,"Matamata-Piako District","Waikato",1366.14988145272,""
2010,"Napier City","Hawke's Bay",1759.60148193199,""
2010,"Nelson City","Nelson",2126.10949951958,""
2010,"New Plymouth District","Taranaki",6199.86003299291,""
2010,"Opotiki District","Bay of Plenty",294.015060213526,""
2010,"Otorohanga District","Waikato",368.545867905277,""
2010,"Palmerston North City","Manawatu-Wanganui",4010.28747143658,""
2010,"Porirua City","Wellington",1178.84732389783,""
2010,"Queenstown-Lakes District","Otago",1391.83553165603,""
2010,"Rangitikei District","Hawke's Bay",54.929963652794,""
2010,"Rangitikei District","Manawatu-Wanganui",394.409167769921,""
2010,"Rotorua District","Bay of Plenty",1813.00190979771,""
2010,"Rotorua District","Waikato",1025.69646114416,""
2010,"Ruapehu District","Manawatu-Wanganui",515.957649918305,""
2010,"Selwyn District","Canterbury",1111.21762838828,""
2010,"South Taranaki District","Taranaki",1833.83655546511,""
2010,"South Waikato District","Waikato",875.002902401906,""
2010,"South Wairarapa District","Wellington",207.442185071339,""
2010,"Southland District","Southland",1689.30432935127,""
2010,"Stratford District","Manawatu-Wanganui",75.5542372338589,""
2010,"Stratford District","Taranaki",207.303411541979,""
2010,"Tararua District","Manawatu-Wanganui",511.771734055581,""
2010,"Tararua District","Wellington",8.73120905464567,""
2010,"Tasman District","Tasman",1399.89050048042,""
2010,"Taupo District","Bay of Plenty",232.152563032059,""
2010,"Taupo District","Hawke's Bay",140.655235679286,""
2010,"Taupo District","Manawatu-Wanganui",10.1437905884654,""
2010,"Taupo District","Waikato",1113.05910500012,""
2010,"Tauranga City","Bay of Plenty",4884.98403086922,""
2010,"Thames-Coromandel District","Waikato",725.979184147052,""
2010,"Timaru District","Canterbury",1835.37118877682,""
2010,"Upper Hutt City","Wellington",702.223000124891,""
2010,"Waikato District","Waikato",1503.54507347291,""
2010,"Waimakariri District","Canterbury",724.70537545124,""
2010,"Waimate District","Canterbury",226.632587522791,""
2010,"Waipa District","Waikato",1356.69415445198,""
2010,"Wairoa District","Hawke's Bay",256.411944683409,""
2010,"Waitaki District","Canterbury",546.622108355669,""
2010,"Waitaki District","Otago",426.037628780696,""
2010,"Waitomo District","Manawatu-Wanganui",22.450412765276,""
2010,"Waitomo District","Waikato",444.929245323964,""
2010,"Wanganui District","Manawatu-Wanganui",1340.10897568045,""
2010,"Wellington City","Wellington",19713.8173521138,""
2010,"Western Bay of Plenty District","Bay of Plenty",1087.21518642158,""
2010,"Westland District","West Coast",336.103623910966,""
2010,"Whakatane District","Bay of Plenty",1322.64704252863,""
2010,"Whangarei District","Northland",2813.22846923045,""
2011,"Ashburton District","Canterbury",1601.53231203015,""
2011,"Auckland","Auckland",71399,""
2011,"Buller District","West Coast",484.864824714468,""
2011,"Carterton District","Wellington",276.821301847841,""
2011,"Central Hawke's Bay District","Hawke's Bay",452.895065873279,""
2011,"Central Otago District","Otago",834.74832318582,""
2011,"Christchurch City","Canterbury",18079.3767778038,""
2011,"Clutha District","Otago",914.355209810542,""
2011,"Dunedin City","Otago",5072.296203056,""
2011,"Far North District","Northland",1679.23485154581,""
2011,"Gisborne District","Gisborne",1530,""
2011,"Gore District","Southland",580.536211530419,""
2011,"Grey District","West Coast",709.893097335719,""
2011,"Hamilton City","Waikato",7309.49856476873,""
2011,"Hastings District","Hawke's Bay",3093.29952345049,""
2011,"Hauraki District","Waikato",511.039392285593,""
2011,"Horowhenua District","Manawatu-Wanganui",636.537796346903,""
2011,"Hurunui District","Canterbury",378.14878513383,""
2011,"Invercargill City","Southland",2414.44661984494,""
2011,"Kaikoura District","Canterbury",119.04184636174,""
2011,"Kaipara District","Northland",535.087350815043,""
2011,"Kapiti Coast District","Wellington",664.219633519785,""
2011,"Kawerau District","Bay of Plenty",459.950241075965,""
2011,"Lower Hutt City","Wellington",4139.92539466123,""
2011,"Mackenzie District","Canterbury",190.285404263162,""
2011,"Manawatu District","Manawatu-Wanganui",747.263250557296,""
2011,"Marlborough District","Marlborough",1961,""
2011,"Masterton District","Wellington",745.113535725881,""
2011,"Matamata-Piako District","Waikato",1518.41099500148,""
2011,"Napier City","Hawke's Bay",1857.97409755549,""
2011,"Nelson City","Nelson",2216.08554008358,""
2011,"New Plymouth District","Taranaki",6371.91184143401,""
2011,"Opotiki District","Bay of Plenty",308.586897960904,""
2011,"Otorohanga District","Waikato",439.631940942667,""
2011,"Palmerston North City","Manawatu-Wanganui",4139.40624692373,""
2011,"Porirua City","Wellington",1224.64918794959,""
2011,"Queenstown-Lakes District","Otago",1443.96614403743,""
2011,"Rangitikei District","Hawke's Bay",58.6901058299322,""
2011,"Rangitikei District","Manawatu-Wanganui",411.63367022817,""
2011,"Rotorua District","Bay of Plenty",1894.29493375842,""
2011,"Rotorua District","Waikato",1065.99223157799,""
2011,"Ruapehu District","Manawatu-Wanganui",529.95509546679,""
2011,"Selwyn District","Canterbury",1197.11247686919,""
2011,"South Taranaki District","Taranaki",2074.92774182689,""
2011,"South Waikato District","Waikato",966.839124979618,""
2011,"South Wairarapa District","Wellington",231.398214604193,""
2011,"Southland District","Southland",1951.01716862464,""
2011,"Stratford District","Manawatu-Wanganui",82.0229491348208,""
2011,"Stratford District","Taranaki",224.160416739093,""
2011,"Tararua District","Manawatu-Wanganui",573.876719894314,""
2011,"Tararua District","Wellington",9.68131143691132,""
2011,"Tasman District","Tasman",1471.91445991642,""
2011,"Taupo District","Bay of Plenty",249.742243500425,""
2011,"Taupo District","Hawke's Bay",154.208220299328,""
2011,"Taupo District","Manawatu-Wanganui",10.1813328784201,""
2011,"Taupo District","Waikato",1166.86426861221,""
2011,"Tauranga City","Bay of Plenty",5208.44386121927,""
2011,"Thames-Coromandel District","Waikato",733.869189885539,""
2011,"Timaru District","Canterbury",1929.08932138093,""
2011,"Upper Hutt City","Wellington",730.822035727703,""
2011,"Waikato District","Waikato",1669.94722250471,""
2011,"Waimakariri District","Canterbury",831.409417779871,""
2011,"Waimate District","Canterbury",249.573894322299,""
2011,"Waipa District","Waikato",1477.30820287953,""
2011,"Wairoa District","Hawke's Bay",276.932986991482,""
2011,"Waitaki District","Canterbury",563.429764055082,""
2011,"Waitaki District","Otago",484.634119910204,""
2011,"Waitomo District","Manawatu-Wanganui",22.3143268749098,""
2011,"Waitomo District","Waikato",468.598866561928,""
2011,"Wanganui District","Manawatu-Wanganui",1404.80861169465,""
2011,"Wellington City","Wellington",20019.3693845269,""
2011,"Western Bay of Plenty District","Bay of Plenty",1164.46779972564,""
2011,"Westland District","West Coast",358.242077949813,""
2011,"Whakatane District","Bay of Plenty",1438.51402275938,""
2011,"Whangarei District","Northland",3037.67779763914,""
2012,"Ashburton District","Canterbury",1708.96535694642,""
2012,"Auckland","Auckland",75357,""
2012,"Buller District","West Coast",579.77239444264,""
2012,"Carterton District","Wellington",314.266206584304,""
2012,"Central Hawke's Bay District","Hawke's Bay",467.658555589776,""
2012,"Central Otago District","Otago",882.415212223259,""
2012,"Christchurch City","Canterbury",18939.3819918448,""
2012,"Clutha District","Otago",967.386859387815,""
2012,"Dunedin City","Otago",5221.24144460517,""
2012,"Far North District","Northland",1727.13198722021,""
2012,"Gisborne District","Gisborne",1582,""
2012,"Gore District","Southland",625.269812228051,""
2012,"Grey District","West Coast",707.840981492099,""
2012,"Hamilton City","Waikato",8070.22230292537,""
2012,"Hastings District","Hawke's Bay",3157.24926232003,""
2012,"Hauraki District","Waikato",530.187944656988,""
2012,"Horowhenua District","Manawatu-Wanganui",629.892292817732,""
2012,"Hurunui District","Canterbury",423.378586081109,""
2012,"Invercargill City","Southland",2473.92254444698,""
2012,"Kaikoura District","Canterbury",133.204162880708,""
2012,"Kaipara District","Northland",520.858112516832,""
2012,"Kapiti Coast District","Wellington",677.310281722462,""
2012,"Kawerau District","Bay of Plenty",462.743336418829,""
2012,"Lower Hutt City","Wellington",4313.55149528035,""
2012,"Mackenzie District","Canterbury",199.568026564015,""
2012,"Manawatu District","Manawatu-Wanganui",711.197125222401,""
2012,"Marlborough District","Marlborough",2095,""
2012,"Masterton District","Wellington",809.824144434059,""
2012,"Matamata-Piako District","Waikato",1610.18610327006,""
2012,"Napier City","Hawke's Bay",1920.28641265354,""
2012,"Nelson City","Nelson",2277.07539865492,""
2012,"New Plymouth District","Taranaki",6320.46387847867,""
2012,"Opotiki District","Bay of Plenty",315.995235787343,""
2012,"Otorohanga District","Waikato",425.253353224103,""
2012,"Palmerston North City","Manawatu-Wanganui",4275.03325220584,""
2012,"Porirua City","Wellington",1243.54735250112,""
2012,"Queenstown-Lakes District","Otago",1503.24362704376,""
2012,"Rangitikei District","Hawke's Bay",60.0721987250626,""
2012,"Rangitikei District","Manawatu-Wanganui",408.834988569742,""
2012,"Rotorua District","Bay of Plenty",1980.08536518847,""
2012,"Rotorua District","Waikato",1126.0432845106,""
2012,"Ruapehu District","Manawatu-Wanganui",501.457687940586,""
2012,"Selwyn District","Canterbury",1283.9185235976,""
2012,"South Taranaki District","Taranaki",2082.71144628881,""
2012,"South Waikato District","Waikato",990.355514447439,""
2012,"South Wairarapa District","Wellington",249.463885226044,""
2012,"Southland District","Southland",1948.80764332497,""
2012,"Stratford District","Manawatu-Wanganui",84.9911817513064,""
2012,"Stratford District","Taranaki",235.824675232517,""
2012,"Tararua District","Manawatu-Wanganui",611.594773626633,""
2012,"Tararua District","Wellington",10.3883026711124,""
2012,"Tasman District","Tasman",1488.92460134508,""
2012,"Taupo District","Bay of Plenty",255.647602431165,""
2012,"Taupo District","Hawke's Bay",157.823432611672,""
2012,"Taupo District","Manawatu-Wanganui",10.2610246731548,""
2012,"Taupo District","Waikato",1205.8036195484,""
2012,"Tauranga City","Bay of Plenty",5444.88588398507,""
2012,"Thames-Coromandel District","Waikato",758.605085636141,""
2012,"Timaru District","Canterbury",2055.35118744013,""
2012,"Upper Hutt City","Wellington",738.358179841662,""
2012,"Waikato District","Waikato",1753.06037762199,""
2012,"Waimakariri District","Canterbury",888.650070334665,""
2012,"Waimate District","Canterbury",279.546699921611,""
2012,"Waipa District","Waikato",1603.56761361564,""
2012,"Wairoa District","Hawke's Bay",282.910138099924,""
2012,"Waitaki District","Canterbury",604.035394388943,""
2012,"Waitaki District","Otago",515.712856739994,""
2012,"Waitomo District","Manawatu-Wanganui",21.8577917036944,""
2012,"Waitomo District","Waikato",474.714800543264,""
2012,"Wanganui District","Manawatu-Wanganui",1412.87988148891,""
2012,"Wellington City","Wellington",21335.2901517389,""
2012,"Western Bay of Plenty District","Bay of Plenty",1209.72927750407,""
2012,"Westland District","West Coast",373.386624065262,""
2012,"Whakatane District","Bay of Plenty",1496.91329868506,""
2012,"Whangarei District","Northland",3119.00990026296,""
2013,"Ashburton District","Canterbury",1769.50843153865,""
2013,"Auckland","Auckland",78154,""
2013,"Buller District","West Coast",510.246296397856,""
2013,"Carterton District","Wellington",322.139405030882,""
2013,"Central Hawke's Bay District","Hawke's Bay",448.822047649872,""
2013,"Central Otago District","Otago",906.094115483399,""
2013,"Christchurch City","Canterbury",20072.7006226786,""
2013,"Clutha District","Otago",897.182532435532,""
2013,"Dunedin City","Otago",5382.60146935903,""
2013,"Far North District","Northland",1690.80972225903,""
2013,"Gisborne District","Gisborne",1577,""
2013,"Gore District","Southland",596.120430219544,""
2013,"Grey District","West Coast",729.244143388283,""
2013,"Hamilton City","Waikato",8098.7325948247,""
2013,"Hastings District","Hawke's Bay",3253.99182304198,""
2013,"Hauraki District","Waikato",521.029017795682,""
2013,"Horowhenua District","Manawatu-Wanganui",646.505802485349,""
2013,"Hurunui District","Canterbury",422.6422143285,""
2013,"Invercargill City","Southland",2418.68085136589,""
2013,"Kaikoura District","Canterbury",122.438180741751,""
2013,"Kaipara District","Northland",487.047601688122,""
2013,"Kapiti Coast District","Wellington",650.411603558364,""
2013,"Kawerau District","Bay of Plenty",433.782964540057,""
2013,"Lower Hutt City","Wellington",4220.06903144349,""
2013,"Mackenzie District","Canterbury",216.73938160921,""
2013,"Manawatu District","Manawatu-Wanganui",690.663267452401,""
2013,"Marlborough District","Marlborough",2162,""
2013,"Masterton District","Wellington",823.847889882224,""
2013,"Matamata-Piako District","Waikato",1503.65225106524,""
2013,"Napier City","Hawke's Bay",1991.79613248683,""
2013,"Nelson City","Nelson",2372.93854928776,""
2013,"New Plymouth District","Taranaki",6373.59234439751,""
2013,"Opotiki District","Bay of Plenty",313.14780541556,""
2013,"Otorohanga District","Waikato",412.536373825315,""
2013,"Palmerston North City","Manawatu-Wanganui",4357.28402030283,""
2013,"Porirua City","Wellington",1248.99225271166,""
2013,"Queenstown-Lakes District","Otago",1586.99990197398,""
2013,"Rangitikei District","Hawke's Bay",56.5368150961727,""
2013,"Rangitikei District","Manawatu-Wanganui",386.892891685062,""
2013,"Rotorua District","Bay of Plenty",2024.08908840561,""
2013,"Rotorua District","Waikato",1133.89657767348,""
2013,"Ruapehu District","Manawatu-Wanganui",466.597939177861,""
2013,"Selwyn District","Canterbury",1342.63226091156,""
2013,"South Taranaki District","Taranaki",2045.04260091625,""
2013,"South Waikato District","Waikato",921.233225730262,""
2013,"South Wairarapa District","Wellington",260.422483864681,""
2013,"Southland District","Southland",1840.19871841456,""
2013,"Stratford District","Manawatu-Wanganui",86.1278846024197,""
2013,"Stratford District","Taranaki",233.365054686234,""
2013,"Tararua District","Manawatu-Wanganui",593.205285732345,""
2013,"Tararua District","Wellington",10.2000851314368,""
2013,"Tasman District","Tasman",1540.06145071224,""
2013,"Taupo District","Bay of Plenty",253.082122711128,""
2013,"Taupo District","Hawke's Bay",163.887019995684,""
2013,"Taupo District","Manawatu-Wanganui",10.0187708401866,""
2013,"Taupo District","Waikato",1168.91032469542,""
2013,"Tauranga City","Bay of Plenty",5598.56404778772,""
2013,"Thames-Coromandel District","Waikato",733.004166422378,""
2013,"Timaru District","Canterbury",2115.7893270373,""
2013,"Upper Hutt City","Wellington",734.036128677785,""
2013,"Waikato District","Waikato",1693.70378282074,""
2013,"Waimakariri District","Canterbury",911.110678909351,""
2013,"Waimate District","Canterbury",258.507168255794,""
2013,"Waipa District","Waikato",1532.36150305833,""
2013,"Wairoa District","Hawke's Bay",260.966161729461,""
2013,"Waitaki District","Canterbury",610.931733989264,""
2013,"Waitaki District","Otago",502.121980748056,""
2013,"Waitomo District","Manawatu-Wanganui",21.9280139324624,""
2013,"Waitomo District","Waikato",445.940182088456,""
2013,"Wanganui District","Manawatu-Wanganui",1401.77612378908,""
2013,"Wellington City","Wellington",21963.8811196995,""
2013,"Western Bay of Plenty District","Bay of Plenty",1190.17906075686,""
2013,"Westland District","West Coast",416.509560213861,""
2013,"Whakatane District","Bay of Plenty",1553.15491038307,""
2013,"Whangarei District","Northland",3128.14267605285,""
2014,"Ashburton District","Canterbury",1940.73045539717,"provisional"
2014,"Auckland","Auckland",82621,"provisional"
2014,"Buller District","West Coast",508.753251040153,"provisional"
2014,"Carterton District","Wellington",340.227086978166,"provisional"
2014,"Central Hawke's Bay District","Hawke's Bay",454.187656859522,"provisional"
2014,"Central Otago District","Otago",1000.84703470901,"provisional"
2014,"Christchurch City","Canterbury",22102.6785069134,"provisional"
2014,"Clutha District","Otago",932.792189631633,"provisional"
2014,"Dunedin City","Otago",5767.94768835465,"provisional"
2014,"Far North District","Northland",1826.50204953166,"provisional"
2014,"Gisborne District","Gisborne",1668,"provisional"
2014,"Gore District","Southland",647.957838061779,"provisional"
2014,"Grey District","West Coast",778.376844055709,"provisional"
2014,"Hamilton City","Waikato",9030.92735807018,"provisional"
2014,"Hastings District","Hawke's Bay",3406.11843052319,"provisional"
2014,"Hauraki District","Waikato",580.995901792286,"provisional"
2014,"Horowhenua District","Manawatu-Wanganui",688.669282016391,"provisional"
2014,"Hurunui District","Canterbury",457.006668559509,"provisional"
2014,"Invercargill City","Southland",2702.05106054966,"provisional"
2014,"Kaikoura District","Canterbury",131.067605199705,"provisional"
2014,"Kaipara District","Northland",556.911966815847,"provisional"
2014,"Kapiti Coast District","Wellington",662.468183207933,"provisional"
2014,"Kawerau District","Bay of Plenty",448.108527142936,"provisional"
2014,"Lower Hutt City","Wellington",4333.54722203424,"provisional"
2014,"Mackenzie District","Canterbury",242.194961695953,"provisional"
2014,"Manawatu District","Manawatu-Wanganui",725.219816658146,"provisional"
2014,"Marlborough District","Marlborough",2413,"provisional"
2014,"Masterton District","Wellington",855.81210240522,"provisional"
2014,"Matamata-Piako District","Waikato",1649.01317724195,"provisional"
2014,"Napier City","Hawke's Bay",2063.51602176292,"provisional"
2014,"Nelson City","Nelson",2487.20267220059,"provisional"
2014,"New Plymouth District","Taranaki",6716.93756727624,"provisional"
2014,"Opotiki District","Bay of Plenty",332.011095878527,"provisional"
2014,"Otorohanga District","Waikato",455.070030198707,"provisional"
2014,"Palmerston North City","Manawatu-Wanganui",4632.07349021123,"provisional"
2014,"Porirua City","Wellington",1291.18050628623,"provisional"
2014,"Queenstown-Lakes District","Otago",1726.8771670539,"provisional"
2014,"Rangitikei District","Hawke's Bay",57.2460717989813,"provisional"
2014,"Rangitikei District","Manawatu-Wanganui",402.578186577628,"provisional"
2014,"Rotorua District","Bay of Plenty",2155.90486425981,"provisional"
2014,"Rotorua District","Waikato",1261.47656204385,"provisional"
2014,"Ruapehu District","Manawatu-Wanganui",470.145120500425,"provisional"
2014,"Selwyn District","Canterbury",1475.77622104059,"provisional"
2014,"South Taranaki District","Taranaki",2092.52537910655,"provisional"
2014,"South Waikato District","Waikato",989.080601472189,"provisional"
2014,"South Wairarapa District","Wellington",271.851378685131,"provisional"
2014,"Southland District","Southland",2040.99110138856,"provisional"
2014,"Stratford District","Manawatu-Wanganui",91.6952712681043,"provisional"
2014,"Stratford District","Taranaki",245.537053617212,"provisional"
2014,"Tararua District","Manawatu-Wanganui",622.031683990041,"provisional"
2014,"Tararua District","Wellington",10.5545416514775,"provisional"
2014,"Tasman District","Tasman",1614.79732779941,"provisional"
2014,"Taupo District","Bay of Plenty",267.681751230392,"provisional"
2014,"Taupo District","Hawke's Bay",171.102036498736,"provisional"
2014,"Taupo District","Manawatu-Wanganui",10.5824790673977,"provisional"
2014,"Taupo District","Waikato",1283.17705962916,"provisional"
2014,"Tauranga City","Bay of Plenty",5906.65626070222,"provisional"
2014,"Thames-Coromandel District","Waikato",799.14645280182,"provisional"
2014,"Timaru District","Canterbury",2351.10543225094,"provisional"
2014,"Upper Hutt City","Wellington",758.75701927197,"provisional"
2014,"Waikato District","Waikato",1866.36437251256,"provisional"
2014,"Waimakariri District","Canterbury",983.200265478926,"provisional"
2014,"Waimate District","Canterbury",283.431833823329,"provisional"
2014,"Waipa District","Waikato",1689.47248897579,"provisional"
2014,"Wairoa District","Hawke's Bay",257.829782556645,"provisional"
2014,"Waitaki District","Canterbury",662.808049640449,"provisional"
2014,"Waitaki District","Otago",528.535920250802,"provisional"
2014,"Waitomo District","Manawatu-Wanganui",23.2714694135554,"provisional"
2014,"Waitomo District","Waikato",482.275995261516,"provisional"
2014,"Wanganui District","Manawatu-Wanganui",1470.73320029708,"provisional"
2014,"Wellington City","Wellington",22918.6019594796,"provisional"
2014,"Western Bay of Plenty District","Bay of Plenty",1253.41266542415,"provisional"
2014,"Westland District","West Coast",455.869904904138,"provisional"
2014,"Whakatane District","Bay of Plenty",1655.22483536197,"provisional"
2014,"Whangarei District","Northland",3413.58598365249,"provisional"
2015,"Ashburton District","Canterbury",2129.9180943134,"provisional"
2015,"Auckland","Auckland",88295,"provisional"
2015,"Buller District","West Coast",497.108080996814,"provisional"
2015,"Carterton District","Wellington",403.596008542594,"provisional"
2015,"Central Hawke's Bay District","Hawke's Bay",448.727157944998,"provisional"
2015,"Central Otago District","Otago",1071.91512617667,"provisional"
2015,"Christchurch City","Canterbury",23507.3718808571,"provisional"
2015,"Clutha District","Otago",973.861613243373,"provisional"
2015,"Dunedin City","Otago",5796.00346066574,"provisional"
2015,"Far North District","Northland",1789.1582893984,"provisional"
2015,"Gisborne District","Gisborne",1688,"provisional"
2015,"Gore District","Southland",552.918261733104,"provisional"
2015,"Grey District","West Coast",720.941703810344,"provisional"
2015,"Hamilton City","Waikato",8901.36958534697,"provisional"
2015,"Hastings District","Hawke's Bay",3594.31194364919,"provisional"
2015,"Hauraki District","Waikato",571.958975417902,"provisional"
2015,"Horowhenua District","Manawatu-Wanganui",702.392000657618,"provisional"
2015,"Hurunui District","Canterbury",505.402152921278,"provisional"
2015,"Invercargill City","Southland",2436.67727417296,"provisional"
2015,"Kaikoura District","Canterbury",158.991957580593,"provisional"
2015,"Kaipara District","Northland",648.008803898135,"provisional"
2015,"Kapiti Coast District","Wellington",651.992570167104,"provisional"
2015,"Kawerau District","Bay of Plenty",476.565195172145,"provisional"
2015,"Lower Hutt City","Wellington",4357.50104209682,"provisional"
2015,"Mackenzie District","Canterbury",266.587110947839,"provisional"
2015,"Manawatu District","Manawatu-Wanganui",777.235296243637,"provisional"
2015,"Marlborough District","Marlborough",2466,"provisional"
2015,"Masterton District","Wellington",884.73023143046,"provisional"
2015,"Matamata-Piako District","Waikato",1712.11404891465,"provisional"
2015,"Napier City","Hawke's Bay",2069.61021718088,"provisional"
2015,"Nelson City","Nelson",2527.71110311961,"provisional"
2015,"New Plymouth District","Taranaki",6618.28154017063,"provisional"
2015,"Opotiki District","Bay of Plenty",357.474124991747,"provisional"
2015,"Otorohanga District","Waikato",452.881563481607,"provisional"
2015,"Palmerston North City","Manawatu-Wanganui",4676.14952976111,"provisional"
2015,"Porirua City","Wellington",1294.1914939731,"provisional"
2015,"Queenstown-Lakes District","Otago",1800.66972181626,"provisional"
2015,"Rangitikei District","Hawke's Bay",58.4148174171147,"provisional"
2015,"Rangitikei District","Manawatu-Wanganui",399.719374361409,"provisional"
2015,"Rotorua District","Bay of Plenty",2268.38505795219,"provisional"
2015,"Rotorua District","Waikato",1224.61519308289,"provisional"
2015,"Ruapehu District","Manawatu-Wanganui",410.406540861346,"provisional"
2015,"Selwyn District","Canterbury",1630.17537712283,"provisional"
2015,"South Taranaki District","Taranaki",1885.75926160717,"provisional"
2015,"South Waikato District","Waikato",866.214332727616,"provisional"
2015,"South Wairarapa District","Wellington",276.623894887009,"provisional"
2015,"Southland District","Southland",1867.40446409394,"provisional"
2015,"Stratford District","Manawatu-Wanganui",96.4033064517456,"provisional"
2015,"Stratford District","Taranaki",251.9591982222,"provisional"
2015,"Tararua District","Manawatu-Wanganui",656.175595884037,"provisional"
2015,"Tararua District","Wellington",11.312893734583,"provisional"
2015,"Tasman District","Tasman",1671.2888968804,"provisional"
2015,"Taupo District","Bay of Plenty",287.095054726063,"provisional"
2015,"Taupo District","Hawke's Bay",177.757141862975,"provisional"
2015,"Taupo District","Manawatu-Wanganui",10.9907983727296,"provisional"
2015,"Taupo District","Waikato",1197.4736093284,"provisional"
2015,"Tauranga City","Bay of Plenty",5862.1721028184,"provisional"
2015,"Thames-Coromandel District","Waikato",732.027634544569,"provisional"
2015,"Timaru District","Canterbury",2653.51474897127,"provisional"
2015,"Upper Hutt City","Wellington",782.372944330925,"provisional"
2015,"Waikato District","Waikato",1833.59303558668,"provisional"
2015,"Waimakariri District","Canterbury",997.315513685083,"provisional"
2015,"Waimate District","Canterbury",330.638969222491,"provisional"
2015,"Waipa District","Waikato",1720.8270595221,"provisional"
2015,"Wairoa District","Hawke's Bay",242.178721944846,"provisional"
2015,"Waitaki District","Canterbury",702.084194378076,"provisional"
2015,"Waitaki District","Otago",530.550078097964,"provisional"
2015,"Waitomo District","Manawatu-Wanganui",24.1368320847747,"provisional"
2015,"Waitomo District","Waikato",435.924962046621,"provisional"
2015,"Wanganui District","Manawatu-Wanganui",1443.39072532159,"provisional"
2015,"Wellington City","Wellington",23954.6789208374,"provisional"
2015,"Western Bay of Plenty District","Bay of Plenty",1331.66109355789,"provisional"
2015,"Westland District","West Coast",437.950215192842,"provisional"
2015,"Whakatane District","Bay of Plenty",1708.64737078156,"provisional"
2015,"Whangarei District","Northland",3431.83290670347,"provisional"
